player_name,team,pos,age,game_played,minutes_played,per,true_s_perc,Three_Att_r,FTr,ORB_perc,DRB_perc,TRB_perc,AST_perc,STL_perc,BLK_perc,TOV_perc,USG_perc,offensive_ws,defensive_ws,ws,ws_per_48,offensive_plus_minus,defensive_plus_minus,plus_minus,vorp
Precious Achiuwa,TOR,C,22,73,1725,12.7,.503,.259,.217,8.7,21.7,14.9,6.9,1.1,2.3,11.3,18.5,0.4,2.1,2.5,.070,-2.0,-0.6,-2.6,-0.2
Steven Adams,MEM,C,28,76,1999,17.6,.560,.003,.518,17.9,22.0,19.9,16.1,1.6,2.7,19.6,12.0,3.8,3.0,6.8,.163,1.0,1.0,2.0,2.0
Bam Adebayo,MIA,C,24,56,1825,21.8,.608,.008,.466,8.7,26.1,17.5,17.5,2.2,2.6,14.4,25.0,3.6,3.5,7.2,.188,1.7,2.1,3.8,2.7
Santi Aldama,MEM,PF,21,32,360,10.2,.452,.364,.242,9.4,16.1,12.6,7.7,0.8,2.5,9.9,18.4,-0.1,0.4,0.3,.044,-4.2,-1.5,-5.7,-0.3
LaMarcus Aldridge,BRK,C,36,47,1050,19.6,.604,.100,.223,7.8,18.7,13.4,6.3,0.6,4.0,8.0,22.4,2.1,1.0,3.1,.141,1.3,-0.6,0.7,0.7
Nickeil Alexander-Walker,TOT,SG,23,65,1466,10.5,.475,.497,.160,2.7,11.5,7.1,16.1,1.5,1.5,11.3,24.1,-1.1,1.1,0.1,.003,-1.8,-1.1,-2.9,-0.3
Grayson Allen,MIL,SG,26,66,1805,12.7,.609,.684,.130,1.9,10.9,6.5,7.6,1.2,1.0,6.7,15.2,2.8,1.4,4.2,.110,0.6,-0.2,0.5,1.1
Jarrett Allen,CLE,C,23,56,1809,23.0,.698,.018,.428,12.0,24.5,18.4,8.2,1.2,3.7,12.7,18.1,5.4,3.0,8.5,.225,2.7,1.2,3.9,2.7
Jose Alvarado,NOP,PG,23,54,834,16.4,.520,.374,.180,3.2,10.2,6.6,26.9,4.2,0.8,11.2,18.4,1.0,1.1,2.1,.121,-0.5,2.4,1.9,0.8
Justin Anderson,TOT,SF,28,16,316,10.4,.493,.621,.200,1.4,15.0,8.1,14.2,1.2,1.7,7.2,15.1,0.2,0.2,0.4,.054,-1.9,-1.3,-3.2,-0.1
Kyle Anderson,MEM,PF,28,69,1484,14.4,.506,.232,.224,4.8,21.6,13.0,16.2,2.5,2.7,12.1,16.2,1.0,2.5,3.5,.113,-0.9,2.1,1.2,1.2
Giannis Antetokounmpo,MIL,PF,27,67,2204,32.1,.633,.194,.615,6.6,30.4,18.7,31.7,1.6,4.0,12.2,34.9,9.2,3.7,12.9,.281,7.6,3.5,11.2,7.4
Thanasis Antetokounmpo,MIL,SF,29,48,473,12.5,.577,.109,.359,9.2,13.4,11.3,6.5,1.6,2.4,14.9,15.7,0.4,0.5,0.9,.095,-3.5,-0.1,-3.5,-0.2
Carmelo Anthony,LAL,PF,37,69,1793,14.8,.579,.549,.220,3.7,13.5,8.6,5.6,1.3,2.6,6.9,20.4,2.2,1.4,3.6,.097,0.4,-0.8,-0.5,0.7
Cole Anthony,ORL,PG,21,65,2059,13.5,.519,.429,.277,1.6,16.2,8.9,28.9,1.1,0.8,14.2,25.1,-0.1,1.7,1.6,.038,-0.6,-0.6,-1.2,0.4
OG Anunoby,TOR,SF,24,48,1728,14.8,.549,.455,.169,4.4,12.6,8.3,11.0,2.1,1.4,9.7,20.5,1.8,1.9,3.7,.104,0.4,0.1,0.5,1.1
Ryan Arcidiacono,NYK,PG,27,10,76,6.1,.667,.750,.000,0.0,11.5,5.7,7.5,0.7,0.0,20.0,8.6,0.0,0.1,0.1,.052,-4.6,0.0,-4.6,-0.1
Trevor Ariza,LAL,SF,36,24,462,7.0,.449,.747,.182,2.3,16.7,9.5,7.5,1.3,1.2,9.3,11.0,-0.2,0.4,0.2,.020,-3.3,-0.2,-3.4,-0.2
D.J. Augustin,TOT,PG,34,55,883,9.7,.610,.739,.194,1.4,7.0,4.2,16.8,0.9,0.1,18.9,14.3,0.7,0.1,0.8,.043,-1.2,-2.4,-3.6,-0.4
Deni Avdija,WAS,SF,21,82,1984,11.6,.536,.447,.235,3.0,20.5,11.9,11.8,1.5,1.9,12.0,16.3,0.6,1.8,2.4,.058,-2.1,0.4,-1.7,0.1
Joel Ayayi,WAS,SG,21,7,20,3.4,.167,.167,.000,5.6,10.9,8.3,25.4,0.0,0.0,0.0,13.3,0.0,0.0,0.0,-0.098,-4.3,-1.7,-6.0,0.0
Deandre Ayton,PHO,C,23,58,1713,21.9,.656,.027,.204,9.6,27.1,18.6,7.6,1.1,2.1,10.7,21.4,4.1,3.1,7.3,.203,2.2,0.6,2.8,2.1
Udoka Azubuike,UTA,C,22,17,195,17.6,.743,.000,.224,10.5,28.8,19.9,0.0,0.3,5.0,18.2,14.7,0.3,0.3,0.6,.157,-1.8,0.4,-1.4,0.0
Marvin Bagley III,TOT,PF,22,48,1146,15.7,.551,.217,.226,9.7,22.6,16.0,5.2,0.9,1.4,7.4,19.8,1.2,0.9,2.0,.085,-0.5,-1.8,-2.3,-0.1
LaMelo Ball,CHO,PG,20,75,2422,19.7,.554,.451,.194,4.7,17.4,11.0,35.7,2.4,1.2,15.3,28.2,3.4,2.5,5.8,.116,3.3,0.2,3.4,3.3
Lonzo Ball,CHI,PG,24,35,1212,14.5,.575,.679,.073,3.3,14.3,8.8,20.0,2.6,2.2,17.2,17.4,0.8,1.4,2.2,.088,0.9,1.6,2.5,1.4
Mo Bamba,ORL,C,23,71,1824,16.5,.582,.455,.118,8.5,24.6,16.5,7.4,1.0,5.9,10.6,17.2,1.8,2.7,4.5,.118,-0.2,0.9,0.7,1.2
Desmond Bane,MEM,SF,23,76,2266,17.6,.592,.475,.141,2.1,13.6,7.7,13.5,1.9,1.1,8.7,23.1,4.5,2.7,7.2,.153,2.5,0.3,2.7,2.7
Dalano Banton,TOR,PG,22,64,696,10.0,.463,.252,.218,5.6,14.1,9.7,19.8,2.0,1.4,19.3,16.9,-0.4,0.8,0.4,.030,-3.5,0.4,-3.1,-0.2
Cat Barber,ATL,PG,27,3,13,-11.2,.000,.000,1.000,8.5,16.7,12.6,26.7,0.0,0.0,14.8,22.7,-0.1,0.0,-0.1,-0.450,-15.8,-7.6,-23.5,-0.1
Harrison Barnes,SAC,PF,29,77,2587,15.7,.623,.432,.495,3.4,14.9,9.1,10.5,1.0,0.5,10.4,18.8,5.0,1.0,6.0,.112,1.5,-1.3,0.2,1.4
Scottie Barnes,TOR,PF,20,74,2617,16.3,.552,.207,.231,7.7,15.8,11.5,14.7,1.5,2.1,11.7,19.0,3.7,2.9,6.6,.122,0.5,0.4,0.9,1.9
RJ Barrett,NYK,SF,21,70,2417,13.7,.511,.338,.340,2.9,15.5,9.1,14.9,0.9,0.7,9.9,27.6,0.1,2.2,2.3,.046,-0.3,-1.3,-1.6,0.2
Will Barton,DEN,SG,31,71,2277,13.4,.548,.480,.142,2.2,14.1,8.3,17.6,1.2,1.2,11.8,20.8,1.2,1.9,3.2,.067,0.4,-0.9,-0.5,0.9
Paris Bass,PHO,SF,26,2,7,13.9,.436,.333,.333,31.5,29.9,30.6,0.0,6.9,0.0,22.5,54.6,0.0,0.0,0.0,-0.170,-11.2,-1.2,-12.4,0.0
Charles Bassey,PHI,PF,21,23,168,21.5,.660,.085,.255,14.9,26.1,20.6,6.5,1.5,9.1,13.3,16.1,0.4,0.3,0.8,.220,-0.3,2.2,1.9,0.2
Keita Bates-Diop,SAS,SF,26,59,956,12.4,.578,.209,.232,6.8,18.7,12.7,5.7,1.4,1.2,13.4,14.8,0.6,1.0,1.6,.080,-2.1,-0.5,-2.6,-0.1
Nicolas Batum,LAC,PF,33,59,1462,13.5,.608,.698,.098,2.2,15.8,9.2,9.7,1.9,2.4,9.0,13.3,1.6,2.1,3.7,.123,0.5,1.8,2.3,1.6
Kent Bazemore,LAL,SF,32,39,545,6.0,.451,.576,.122,2.6,11.0,6.8,8.1,2.2,1.5,12.5,13.2,-0.4,0.5,0.1,.006,-5.1,0.8,-4.3,-0.3
Darius Bazley,OKC,PF,21,69,1924,12.6,.515,.414,.262,3.7,19.8,11.6,7.7,1.5,3.4,11.1,18.3,-0.5,2.2,1.8,.044,-2.1,0.3,-1.8,0.1
Bradley Beal,WAS,SG,28,40,1439,17.5,.539,.272,.263,3.0,11.4,7.3,30.8,1.2,0.9,13.6,30.8,0.6,0.7,1.4,.046,2.0,-1.2,0.8,1.0
Malik Beasley,MIN,SG,25,79,1976,11.9,.544,.749,.071,1.4,11.2,6.2,8.5,1.0,0.6,4.7,19.4,1.7,1.2,2.9,.069,0.7,-1.5,-0.7,0.7
Jordan Bell,CHI,C,27,1,2,29.9,,,,56.6,0.0,28.1,0.0,24.4,0.0,,0.0,0.0,0.0,0.0,.600,-8.1,10.8,2.7,0.0
DeAndre' Bembry,TOT,SF,27,56,1026,11.9,.601,.163,.158,4.6,12.5,8.6,8.6,2.3,2.2,11.6,11.2,1.1,1.1,2.2,.104,-2.2,1.5,-0.7,0.3
Dāvis Bertāns,TOT,PF,29,56,807,9.4,.531,.836,.145,1.7,14.3,8.0,5.5,1.0,1.3,6.1,17.3,0.2,0.7,0.9,.053,-1.7,-0.9,-2.6,-0.1
Patrick Beverley,MIN,PG,33,58,1476,14.8,.539,.555,.305,4.4,13.2,8.7,24.5,2.2,3.4,12.9,16.1,2.3,1.7,4.1,.132,0.6,2.1,2.7,1.7
Saddiq Bey,DET,SF,22,82,2704,14.0,.529,.537,.224,4.1,14.1,8.8,13.8,1.3,0.5,7.1,21.3,2.4,1.6,4.0,.071,0.9,-1.2,-0.3,1.2
Khem Birch,TOR,C,29,55,991,13.2,.534,.070,.355,12.7,13.5,13.1,7.6,1.5,2.6,11.1,11.2,1.5,1.1,2.6,.126,-1.7,0.4,-1.3,0.2
Goga Bitadze,IND,C,22,50,729,18.0,.595,.317,.373,11.9,15.3,13.5,11.2,1.4,5.0,13.6,19.9,1.3,0.6,1.9,.122,-0.2,-0.6,-0.8,0.2
Bismack Biyombo,PHO,C,29,36,506,17.3,.596,.000,.490,13.7,21.5,17.7,6.2,1.1,4.6,12.4,17.1,0.9,0.9,1.8,.170,-1.7,0.4,-1.3,0.1
Nemanja Bjelica,GSW,C,33,71,1142,14.2,.573,.436,.237,6.1,21.5,14.1,19.8,1.8,2.2,18.7,17.8,1.0,2.1,3.0,.128,-0.9,2.3,1.4,1.0
Eric Bledsoe,LAC,PG,32,54,1361,12.5,.514,.348,.250,2.2,11.6,7.1,24.1,2.5,1.2,18.3,20.5,-0.5,1.8,1.3,.047,-2.1,1.3,-0.8,0.4
Keljin Blevins,POR,SF,26,31,349,4.8,.410,.649,.099,4.9,9.5,7.1,7.7,1.8,0.3,12.8,16.5,-0.6,0.1,-0.5,-0.066,-5.6,-2.9,-8.5,-0.6
Bogdan Bogdanović,ATL,SG,29,63,1848,15.4,.562,.578,.145,1.7,13.0,7.4,15.5,1.8,0.7,7.7,21.6,2.5,1.2,3.7,.095,1.5,-0.2,1.3,1.5
Bojan Bogdanović,UTA,PF,32,69,2131,15.7,.599,.504,.280,3.1,11.8,7.6,8.7,0.8,0.0,10.2,23.7,3.6,1.6,5.2,.118,1.6,-1.6,0.0,1.1
Bol Bol,DEN,PF,22,14,81,13.5,.565,.148,.185,5.7,21.4,13.8,9.1,0.6,2.2,12.0,18.0,0.0,0.1,0.1,.065,-0.5,-0.4,-1.0,0.0
Leandro Bolmaro,MIN,SF,21,35,241,5.4,.419,.333,.241,6.9,12.3,9.6,11.0,1.2,0.0,17.9,12.6,-0.1,0.2,0.0,.004,-5.1,-0.7,-5.8,-0.2
Isaac Bonga,TOR,SF,22,15,69,8.7,.363,.308,.615,6.0,5.0,5.5,7.3,5.8,2.8,10.8,11.5,-0.1,0.1,0.1,.060,-5.4,5.0,-0.4,0.0
Devin Booker,PHO,SG,25,68,2345,21.3,.576,.336,.255,2.1,13.2,7.8,22.4,1.6,1.0,9.3,32.0,4.3,3.3,7.6,.156,3.9,0.2,4.1,3.6
Brandon Boston Jr.,LAC,SG,20,51,760,11.2,.481,.342,.222,2.4,12.7,7.7,10.1,1.7,1.5,8.0,22.4,-0.5,0.9,0.4,.026,-2.9,-0.4,-3.3,-0.3
Chris Boucher,TOR,PF,29,80,1690,17.9,.570,.397,.334,10.9,21.3,15.8,2.2,1.4,4.3,6.0,17.8,3.5,2.4,6.0,.169,0.5,-0.4,0.0,0.9
James Bouknight,CHO,SG,21,31,304,10.1,.459,.348,.220,7.6,10.6,9.1,11.9,1.1,0.3,8.8,23.7,-0.1,0.1,0.0,.001,-3.4,-3.7,-7.1,-0.4
Avery Bradley,LAL,SG,31,62,1406,7.8,.550,.600,.051,2.4,8.0,5.2,4.5,1.8,0.6,9.6,12.1,0.3,0.9,1.2,.040,-3.5,-0.1,-3.6,-0.6
Tony Bradley,CHI,C,24,55,549,14.9,.600,.000,.236,13.8,24.3,19.1,6.7,0.9,5.2,20.0,13.6,0.6,0.7,1.3,.112,-2.0,0.2,-1.8,0.0
Ignas Brazdeikis,ORL,SF,23,42,536,10.2,.520,.463,.170,4.5,9.7,7.1,10.7,0.9,0.5,7.8,17.7,0.2,0.3,0.5,.041,-2.7,-1.6,-4.3,-0.3
Mikal Bridges,PHO,SF,25,82,2854,14.4,.627,.364,.183,2.9,10.0,6.5,8.7,1.6,1.1,6.8,15.0,5.2,3.7,8.9,.150,0.5,1.1,1.6,2.6
Miles Bridges,CHO,PF,23,80,2837,17.9,.593,.383,.274,3.3,17.8,10.4,15.7,1.3,2.2,9.9,22.6,5.0,2.3,7.2,.123,1.8,-0.3,1.5,2.5
Oshae Brissett,IND,SF,23,67,1564,12.9,.530,.468,.324,7.6,18.1,12.8,6.4,1.4,1.6,8.5,17.3,1.4,0.9,2.2,.069,-0.5,-1.7,-2.2,-0.1
Malcolm Brogdon,IND,PG,29,36,1206,18.0,.557,.343,.308,3.0,14.3,8.6,26.9,1.2,1.0,11.1,24.6,2.2,0.4,2.7,.106,2.8,-0.5,2.3,1.3
Armoni Brooks,TOT,SG-PG,23,54,844,8.4,.483,.862,.073,2.5,10.9,6.7,10.4,1.6,1.2,8.3,16.4,-0.1,0.4,0.2,.014,-2.6,-1.3,-3.9,-0.4
Dillon Brooks,MEM,SF,26,32,885,15.5,.515,.283,.202,3.4,8.8,6.0,15.4,1.9,0.8,8.0,28.8,0.7,0.9,1.6,.087,-1.0,-0.8,-1.8,0.0
Bruce Brown,BRK,SF,25,72,1774,15.0,.575,.186,.253,6.3,14.7,10.6,11.5,2.1,2.6,9.1,15.0,2.8,2.0,4.8,.130,-0.4,1.1,0.7,1.2
Charlie Brown Jr.,TOT,SG,24,22,177,6.5,.346,.308,.256,9.0,11.2,10.1,4.5,2.8,2.0,10.3,12.3,-0.2,0.2,0.0,.012,-5.2,0.4,-4.8,-0.1
Chaundee Brown Jr.,TOT,SG-SF,23,5,104,6.4,.447,.563,.188,1.1,15.7,8.4,5.1,0.9,0.0,2.8,14.9,0.0,0.0,0.0,.002,-4.3,-2.4,-6.6,-0.1
Greg Brown III,POR,SF,20,48,640,11.0,.515,.321,.342,6.3,17.3,11.6,8.1,2.0,3.7,14.1,17.2,-0.1,0.5,0.4,.029,-4.0,-0.7,-4.7,-0.4
Jaylen Brown,BOS,SF,25,66,2220,18.9,.574,.381,.261,2.6,16.7,9.8,17.9,1.6,0.7,11.6,30.5,2.3,3.4,5.8,.124,1.9,0.1,2.1,2.2
Moses Brown,TOT,C,22,40,345,18.5,.612,.000,.667,12.7,30.5,21.7,0.4,1.0,4.2,12.5,20.7,0.5,0.7,1.2,.160,-2.4,-0.9,-3.3,-0.1
Sterling Brown,DAL,SG,26,49,628,8.4,.495,.594,.097,4.6,21.8,13.2,7.5,1.1,1.0,12.5,13.2,-0.1,0.9,0.8,.061,-3.4,0.5,-2.9,-0.1
Troy Brown Jr.,CHI,SF,22,66,1055,10.1,.525,.516,.101,4.2,17.4,10.8,8.2,1.7,0.4,8.8,12.3,0.5,0.9,1.4,.065,-1.7,-0.2,-1.8,0.1
Jalen Brunson,DAL,PG,25,79,2524,17.1,.583,.250,.211,1.9,11.7,6.8,24.3,1.3,0.1,10.1,21.9,4.9,2.7,7.5,.143,0.9,0.0,0.9,1.9
Thomas Bryant,WAS,C,24,27,439,16.6,.607,.284,.270,6.7,20.4,13.6,7.9,0.7,4.1,10.3,18.7,0.7,0.4,1.1,.118,-0.4,-0.7,-1.0,0.1
Shaq Buchanan,MEM,PG,25,2,10,0.6,.250,.500,.000,10.2,10.7,10.5,24.9,4.8,0.0,33.3,24.6,-0.1,0.0,0.0,-0.230,-11.2,0.1,-11.2,0.0
Reggie Bullock,DAL,SF,30,68,1902,9.2,.558,.782,.096,1.9,12.2,7.0,6.1,1.1,0.7,7.1,13.3,1.2,2.0,3.2,.080,-1.4,0.0,-1.4,0.3
Trey Burke,DAL,PG,29,42,441,10.0,.475,.381,.107,1.0,7.3,4.2,20.7,1.4,0.0,10.4,25.6,-0.4,0.4,0.0,.003,-3.6,-1.4,-5.0,-0.3
Alec Burks,NYK,SG,30,81,2318,13.7,.559,.534,.363,2.1,16.6,9.2,15.7,1.8,1.1,9.7,17.7,3.2,2.9,6.1,.126,-0.4,1.2,0.8,1.7
Jared Butler,UTA,SG,21,42,360,12.1,.509,.583,.106,1.6,11.8,6.8,26.0,2.3,2.0,17.3,23.1,0.0,0.5,0.4,.057,-2.3,0.7,-1.6,0.0
Jimmy Butler,MIA,SF,32,57,1931,23.6,.592,.140,.549,6.1,13.5,9.9,26.4,2.4,1.5,10.5,26.5,6.2,2.9,9.2,.228,4.5,1.9,6.3,4.0
Devontae Cacok,SAS,PF,25,15,121,20.2,.675,.000,.226,6.9,29.7,18.2,6.9,3.2,4.9,8.1,12.9,0.3,0.3,0.5,.206,0.7,3.5,4.2,0.2
Kentavious Caldwell-Pope,WAS,SG,28,77,2329,12.6,.568,.492,.186,2.0,10.3,6.2,9.1,1.8,0.9,9.8,19.0,1.4,1.4,2.8,.058,-0.9,-0.6,-1.5,0.3
Facundo Campazzo,DEN,PG,30,65,1184,11.1,.503,.652,.264,2.2,8.6,5.5,24.1,2.6,1.8,16.9,14.7,0.6,1.3,2.0,.081,-2.1,1.3,-0.8,0.4
Vlatko Čančar,DEN,PF,24,15,176,12.7,.657,.293,.341,5.2,14.1,9.8,13.2,0.6,1.5,16.0,14.0,0.3,0.1,0.4,.114,-0.9,-0.9,-1.7,0.0
Devin Cannady,ORL,PG,25,5,145,8.6,.531,.841,.159,0.7,3.7,2.2,10.0,1.7,1.9,9.6,15.5,0.0,0.1,0.1,.033,-2.8,-0.4,-3.2,0.0
Clint Capela,ATL,C,27,74,2042,21.4,.604,.002,.280,15.0,31.9,23.5,6.6,1.3,4.1,6.1,15.5,5.6,2.7,8.3,.195,2.2,-0.1,2.0,2.1
Vernon Carey Jr.,TOT,C,20,7,44,15.8,.534,.000,1.000,19.9,9.8,14.8,0.0,2.2,1.9,13.8,21.6,0.0,0.0,0.1,.068,-3.0,-4.5,-7.5,-0.1
Jevon Carter,TOT,PG,26,66,905,9.6,.531,.672,.071,1.7,11.2,6.6,14.0,1.3,1.4,11.5,14.0,0.5,0.7,1.2,.062,-1.8,-0.4,-2.2,-0.1
Wendell Carter Jr.,ORL,C,22,62,1852,18.4,.601,.313,.303,7.9,29.1,18.5,15.4,0.9,2.1,13.1,20.9,2.6,2.4,5.0,.129,1.0,0.6,1.6,1.7
Alex Caruso,CHI,SG,27,41,1147,11.7,.528,.492,.285,3.3,11.2,7.3,18.5,3.0,1.1,16.5,13.3,0.7,1.2,2.0,.082,-2.2,2.3,0.2,0.6
Willie Cauley-Stein,TOT,C,28,20,183,8.3,.474,.057,.057,7.9,16.4,12.2,7.5,1.7,1.5,16.3,10.6,0.0,0.3,0.2,.066,-4.1,1.1,-3.0,0.0
Ahmad Caver,IND,PG,25,1,1,76.2,1.000,.000,.000,0.0,0.0,0.0,0.0,0.0,0.0,0.0,42.8,0.0,0.0,0.0,1.204,30.2,6.3,36.5,0.0
Justin Champagnie,TOR,SF,20,36,281,13.6,.571,.418,.134,13.5,14.3,13.9,5.4,1.4,1.4,10.1,12.0,0.5,0.3,0.8,.138,-1.3,-0.7,-2.0,0.0
Zylan Cheatham,UTA,SF,26,1,5,-23.8,.000,.667,.000,0.0,0.0,0.0,0.0,0.0,0.0,0.0,26.1,-0.1,0.0,-0.1,-0.610,-19.3,-11.3,-30.6,0.0
Chris Chiozza,GSW,PG,26,34,372,4.4,.407,.654,.037,2.7,7.7,5.3,22.5,1.7,0.0,28.0,13.4,-0.5,0.5,0.0,-0.004,-5.7,-0.2,-6.0,-0.4
Marquese Chriss,DAL,PF,24,34,346,14.8,.518,.187,.246,10.6,22.5,16.5,7.7,1.9,3.1,10.3,21.5,0.2,0.6,0.8,.108,-3.8,0.0,-3.8,-0.2
Josh Christopher,HOU,SG,20,74,1334,12.2,.534,.378,.226,4.3,11.1,7.7,17.3,2.3,0.9,17.2,21.1,-0.4,0.7,0.3,.010,-2.2,-1.3,-3.5,-0.5
Gary Clark,NOP,PF,27,38,378,11.4,.547,.795,.114,6.6,20.1,13.2,6.4,1.7,1.8,9.8,11.6,0.3,0.4,0.7,.092,0.1,0.0,0.1,0.2
Brandon Clarke,MEM,PF,25,64,1246,23.7,.660,.049,.291,11.1,17.8,14.4,10.3,1.5,4.9,6.3,17.7,4.4,1.9,6.3,.241,3.1,1.1,4.2,2.0
Jordan Clarkson,UTA,SG,29,79,2141,14.9,.532,.536,.156,3.5,10.2,7.0,14.5,1.5,0.7,9.8,26.8,1.5,2.0,3.5,.079,0.5,-1.2,-0.6,0.7
Nic Claxton,BRK,C,22,47,974,18.6,.672,.000,.352,10.4,18.9,14.8,6.4,1.2,4.7,11.1,15.1,2.3,1.2,3.5,.171,0.3,0.2,0.4,0.6
Amir Coffey,LAC,SG,24,69,1567,13.0,.598,.545,.251,1.8,11.2,6.7,11.4,1.2,0.8,8.0,15.8,2.3,1.5,3.8,.116,-0.3,0.0,-0.3,0.7
John Collins,ATL,PF,24,54,1663,18.7,.610,.273,.262,6.2,21.5,13.9,8.9,1.0,3.0,7.7,20.5,3.6,1.4,5.1,.146,1.5,0.0,1.5,1.5
Zach Collins,SAS,PF,24,28,502,16.4,.594,.265,.419,9.5,22.5,16.0,16.3,1.2,3.8,19.7,19.2,0.6,0.7,1.2,.118,-1.2,1.0,-0.2,0.2
Darren Collison,LAL,PG,34,3,37,-0.2,.286,.429,.000,0.0,11.6,5.8,6.8,1.3,0.0,12.5,9.3,-0.1,0.0,-0.1,-0.070,-10.0,-0.9,-10.9,-0.1
Mike Conley,UTA,PG,34,72,2058,17.2,.572,.523,.205,2.6,8.8,5.8,27.7,2.3,0.9,12.5,20.9,4.4,2.3,6.7,.157,2.4,0.7,3.1,2.7
Pat Connaughton,MIL,SG,29,65,1691,13.4,.620,.746,.109,2.9,14.0,8.6,6.6,1.7,0.9,6.3,14.0,2.8,1.6,4.4,.125,0.8,0.4,1.2,1.4
Tyler Cook,CHI,PF,24,20,200,13.0,.643,.000,.842,9.1,20.7,14.9,2.0,1.0,1.7,11.8,13.0,0.4,0.2,0.5,.127,-3.0,-1.1,-4.1,-0.1
Sharife Cooper,ATL,PG,20,13,39,-5.4,.250,.429,.000,0.0,14.0,7.0,16.3,0.0,0.0,26.3,21.3,-0.2,0.0,-0.2,-0.297,-11.3,-5.0,-16.3,-0.1
Petr Cornelie,DEN,PF,26,13,38,9.6,.418,.533,.267,21.3,19.9,20.6,10.8,1.3,2.4,19.3,24.0,-0.1,0.0,0.0,-0.015,-6.1,-2.7,-8.8,-0.1
DeMarcus Cousins,TOT,C,31,48,718,18.2,.567,.377,.386,11.7,29.1,20.6,15.2,2.4,2.7,18.3,28.1,0.3,1.3,1.6,.104,-1.8,0.2,-1.6,0.1
Robert Covington,TOT,PF-SF,31,71,1940,12.4,.572,.681,.139,3.3,18.9,11.0,6.8,2.6,4.4,12.4,13.5,0.8,2.4,3.2,.080,-1.6,1.8,0.2,1.1
Torrey Craig,TOT,SF,31,78,1596,11.0,.556,.531,.118,5.9,15.4,10.7,7.6,1.4,2.0,12.6,14.3,0.9,1.4,2.3,.070,-1.7,-0.1,-1.8,0.1
Jae Crowder,PHO,PF,31,67,1886,11.3,.541,.671,.165,1.8,18.0,10.1,8.3,2.4,1.4,8.6,14.6,0.9,3.4,4.3,.110,-1.3,2.4,1.1,1.5
Jarrett Culver,MEM,SG,22,37,338,8.7,.433,.348,.252,3.9,11.1,7.4,13.0,2.8,1.3,11.8,20.6,-0.4,0.5,0.1,.012,-5.7,0.3,-5.4,-0.3
Jarron Cumberland,POR,SG,24,3,12,8.4,.500,.500,.000,8.8,19.0,13.7,11.6,0.0,0.0,0.0,7.2,0.0,0.0,0.0,.079,-4.4,-2.2,-6.6,0.0
Cade Cunningham,DET,PG,20,64,2088,13.1,.504,.352,.163,2.9,16.2,9.2,29.1,1.8,1.9,17.5,27.5,-2.4,1.9,-0.5,-0.011,-1.1,-0.5,-1.6,0.2
Seth Curry,TOT,SG,31,64,2135,13.7,.615,.506,.127,1.1,9.1,5.2,16.3,1.2,0.6,12.3,18.5,2.7,1.5,4.2,.095,0.3,-0.9,-0.6,0.8
Stephen Curry,GSW,PG,33,64,2211,21.4,.601,.613,.243,1.7,14.4,8.3,30.4,1.9,1.0,13.2,30.8,4.6,3.4,8.0,.173,5.4,0.4,5.8,4.4
Anthony Davis,LAL,C,28,40,1404,23.9,.578,.101,.351,8.1,22.0,15.1,14.7,1.7,5.7,9.3,27.1,2.6,2.0,4.5,.155,2.6,1.2,3.8,2.0
Ed Davis,CLE,C,32,31,201,9.3,.632,.000,.875,7.9,26.9,17.6,4.5,0.7,4.0,18.4,6.0,0.2,0.3,0.5,.126,-4.2,2.5,-1.8,0.0
Terence Davis,SAC,SG,24,30,536,14.6,.543,.558,.165,2.2,17.0,9.5,11.9,2.2,1.8,10.3,25.6,0.0,0.5,0.5,.044,-0.6,-0.4,-0.9,0.2
Gabriel Deck,OKC,PF,26,7,56,11.5,.643,.286,.000,1.8,9.3,5.5,13.7,0.9,0.0,12.5,12.3,0.1,0.0,0.1,.080,-1.2,-1.3,-2.5,0.0
Dewayne Dedmon,MIA,C,32,67,1065,15.9,.632,.162,.345,11.4,29.4,20.6,6.7,1.1,4.2,17.3,16.9,1.5,2.0,3.5,.157,-2.2,1.1,-1.0,0.3
Sam Dekker,TOR,PF,27,1,1,0.0,,,,0.0,0.0,0.0,0.0,0.0,0.0,,0.0,0.0,0.0,0.0,.003,-6.2,-3.4,-9.6,0.0
Javin DeLaurier,MIL,C,23,1,3,15.6,,,,0.0,34.6,17.7,0.0,16.0,0.0,,0.0,0.0,0.0,0.0,.260,-4.8,11.8,7.0,0.0
DeMar DeRozan,CHI,PF,32,76,2743,23.1,.590,.093,.386,2.3,13.7,8.0,23.3,1.2,0.8,9.2,31.8,7.0,1.8,8.8,.154,3.4,-0.9,2.5,3.1
Mamadi Diakite,OKC,PF,25,13,188,11.6,.540,.106,.234,9.2,23.3,16.1,1.6,1.3,4.5,11.9,13.5,0.1,0.3,0.3,.080,-5.9,0.9,-5.0,-0.1
Cheick Diallo,DET,C,25,3,31,12.3,.517,.000,.750,13.3,29.4,20.9,0.0,1.6,0.0,8.6,16.1,0.0,0.0,0.1,.108,-4.2,-3.3,-7.5,0.0
Hamidou Diallo,DET,SG,23,58,1269,15.7,.541,.177,.266,5.6,18.7,11.8,9.8,2.7,1.2,9.0,21.8,0.6,1.5,2.1,.079,-1.2,0.7,-0.5,0.5
Gorgui Dieng,ATL,C,32,44,371,17.3,.624,.607,.232,9.5,26.1,17.8,12.7,1.5,3.1,13.9,16.9,0.8,0.4,1.2,.155,1.4,0.8,2.1,0.4
Spencer Dinwiddie,TOT,PG,28,67,1980,15.1,.543,.449,.343,2.6,13.0,7.8,25.7,1.1,0.6,10.9,21.4,2.7,1.4,4.1,.098,0.8,-0.4,0.3,1.1
Donte DiVincenzo,TOT,SG,25,42,1006,11.3,.510,.649,.247,4.3,14.0,9.1,16.1,2.3,0.7,16.2,18.9,-0.1,0.9,0.7,.035,-1.8,-0.5,-2.3,-0.1
Luka Dončić,DAL,PG,22,65,2301,25.1,.571,.406,.349,2.7,26.0,14.3,46.0,1.6,1.4,15.3,37.4,3.8,3.8,7.6,.159,6.4,1.8,8.2,5.9
Luguentz Dort,OKC,SF,22,51,1665,12.3,.541,.539,.263,2.3,10.9,6.5,8.6,1.3,1.0,9.8,23.3,0.2,1.1,1.4,.040,-1.5,-0.7,-2.3,-0.1
Ayo Dosunmu,CHI,SG,22,77,2110,11.2,.596,.348,.146,1.4,9.9,5.7,16.5,1.4,1.2,15.9,14.1,1.7,1.3,3.0,.069,-1.9,-0.1,-2.0,0.0
Damyean Dotson,NYK,SG,27,2,21,6.4,.500,.250,.000,0.0,10.4,5.1,6.9,0.0,0.0,0.0,8.3,0.0,0.0,0.0,.045,-3.7,-1.2,-4.9,0.0
Devon Dotson,CHI,PG,22,11,85,9.8,.538,.391,.391,1.3,10.5,6.0,23.9,0.6,0.0,15.6,16.6,0.1,0.0,0.1,.048,-3.4,-1.5,-4.9,-0.1
Sekou Doumbouya,LAL,PF,21,2,16,40.7,.717,.250,.500,13.5,26.8,20.2,0.0,9.0,11.1,17.0,31.6,0.0,0.1,0.1,.300,8.8,10.0,18.8,0.1
Jeff Dowtin,TOT,PG,24,9,108,6.8,.353,.346,.077,7.9,9.8,8.9,12.7,2.2,0.9,15.7,12.8,-0.1,0.1,0.0,-0.010,-5.7,0.1,-5.6,-0.1
PJ Dozier,DEN,SG,25,18,340,8.7,.463,.485,.131,4.8,15.6,10.3,11.3,1.6,1.6,11.0,15.2,-0.1,0.4,0.3,.038,-3.0,1.0,-2.0,0.0
Goran Dragić,TOT,PG,35,21,498,10.0,.474,.417,.219,2.9,11.3,7.1,22.9,1.9,0.7,17.0,17.2,-0.1,0.4,0.4,.034,-2.8,-0.4,-3.3,-0.2
Andre Drummond,TOT,C,28,73,1437,21.0,.574,.007,.379,18.0,34.1,26.2,13.7,2.7,4.2,18.5,19.0,2.0,3.1,5.1,.170,-0.1,1.4,1.3,1.2
Chris Duarte,IND,SG,24,55,1541,12.3,.537,.411,.180,2.9,13.6,8.2,10.9,1.8,0.6,11.8,21.1,0.2,0.7,0.9,.029,-1.2,-1.1,-2.3,-0.1
David Duke Jr.,BRK,PG,22,22,341,10.0,.444,.343,.194,9.8,11.5,10.7,6.6,2.0,1.8,7.1,15.9,0.0,0.3,0.3,.048,-3.0,-0.9,-3.9,-0.2
Kris Dunn,POR,PG,27,14,336,12.5,.482,.108,.176,2.8,13.6,8.0,35.1,3.3,0.9,22.5,18.3,-0.1,0.3,0.2,.024,-4.6,-0.8,-5.4,-0.3
Kevin Durant,BRK,PF,33,55,2047,25.6,.634,.269,.367,1.6,19.6,10.8,29.1,1.1,2.3,12.9,31.2,6.4,2.0,8.4,.198,6.4,0.7,7.2,4.8
Jaime Echenique,WAS,C,24,1,3,0.0,,,,0.0,0.0,0.0,0.0,0.0,0.0,,0.0,0.0,0.0,0.0,-0.012,-5.5,-3.0,-8.5,0.0
Anthony Edwards,MIN,SG,20,72,2466,16.5,.560,.484,.225,2.6,12.5,7.5,17.4,2.0,1.8,12.2,26.4,1.8,2.4,4.3,.084,1.6,-0.4,1.2,2.0
Carsen Edwards,DET,SG,23,4,79,5.5,.378,.533,.033,2.6,5.8,4.1,26.2,1.2,0.0,14.1,19.2,-0.1,0.0,-0.1,-0.075,-6.0,-3.4,-9.3,-0.1
Kessler Edwards,BRK,SF,21,48,987,8.3,.516,.509,.071,5.0,13.8,9.5,4.1,1.4,2.2,13.2,13.8,-0.2,0.9,0.6,.031,-3.1,-0.8,-3.8,-0.5
Rob Edwards,OKC,SG,25,2,11,-0.8,.375,1.000,.000,0.0,28.5,14.0,0.0,0.0,0.0,20.0,19.6,-0.1,0.0,0.0,-0.181,-8.3,-2.9,-11.2,0.0
CJ Elleby,POR,SF,21,58,1174,9.2,.491,.409,.273,6.0,15.6,10.6,10.6,1.5,1.6,14.0,14.8,-0.1,0.5,0.4,.016,-3.8,-1.5,-5.3,-1.0
Wayne Ellington,LAL,SG,34,43,810,9.9,.593,.890,.046,1.3,8.9,5.1,5.0,1.4,0.5,7.3,13.8,0.6,0.4,1.0,.062,-0.7,-0.6,-1.4,0.1
Joel Embiid,PHI,C,27,68,2297,31.2,.616,.188,.602,7.2,31.1,19.4,23.5,1.7,3.9,11.3,37.2,7.9,4.1,12.0,.252,7.2,2.0,9.2,6.5
James Ennis III,TOT,SF,31,7,56,17.7,.553,.333,.208,9.9,13.1,11.6,7.4,1.7,3.1,7.1,22.0,0.1,0.1,0.1,.114,-0.1,-1.0,-1.1,0.0
Drew Eubanks,TOT,C,24,71,1245,18.0,.638,.062,.350,11.0,22.2,16.5,10.1,1.2,2.8,15.9,17.5,2.2,1.1,3.4,.130,-0.5,-0.9,-1.4,0.2
Tacko Fall,CLE,C,26,11,59,11.3,.398,.000,.583,13.4,29.4,21.6,4.6,0.0,9.1,16.6,13.6,-0.1,0.1,0.1,.043,-4.1,0.8,-3.4,0.0
Derrick Favors,OKC,C,30,39,653,13.6,.534,.088,.137,9.0,20.2,14.5,5.9,1.3,1.7,4.5,13.4,0.8,0.7,1.4,.105,-2.3,0.3,-2.1,0.0
Bruno Fernando,TOT,C,23,30,152,21.2,.671,.036,.436,13.0,26.6,19.8,7.5,0.3,6.5,17.6,22.4,0.2,0.2,0.4,.140,-0.4,0.2,-0.1,0.1
Dorian Finney-Smith,DAL,PF,28,80,2644,12.5,.604,.629,.120,5.1,10.7,7.9,8.2,1.7,1.3,9.9,13.8,3.4,3.2,6.6,.121,0.1,0.7,0.8,1.9
Malik Fitts,TOT,PF,24,15,63,10.7,.553,.526,.000,3.5,25.2,14.7,12.7,0.0,0.0,9.5,14.6,0.1,0.1,0.1,.097,-0.6,-0.5,-1.1,0.0
Malachi Flynn,TOR,PG,23,44,537,11.7,.488,.492,.131,1.9,11.3,6.4,18.5,1.9,0.7,6.3,16.5,0.5,0.5,1.0,.092,-1.8,0.4,-1.5,0.1
Bryn Forbes,TOT,SG,28,75,1286,11.5,.574,.547,.161,0.9,6.9,3.9,8.3,0.9,0.3,8.8,21.2,0.8,0.6,1.4,.054,-0.7,-2.2,-2.9,-0.3
Aleem Ford,ORL,SF,24,5,74,0.5,.350,.750,.000,2.8,18.6,10.7,3.8,0.7,0.0,16.7,14.0,-0.2,0.1,-0.2,-0.103,-9.1,-2.2,-11.4,-0.2
Trent Forrest,UTA,PG,23,60,765,10.9,.554,.174,.310,3.4,10.5,7.1,18.6,1.9,0.7,21.4,12.8,0.5,0.8,1.3,.084,-2.3,1.2,-1.0,0.2
Evan Fournier,NYK,SG,29,80,2358,12.3,.554,.641,.117,1.5,8.2,4.8,11.9,1.7,0.8,9.4,20.8,1.5,2.2,3.7,.075,-0.4,-0.3,-0.7,0.7
De'Aaron Fox,SAC,PG,24,59,2083,17.4,.549,.228,.319,1.3,10.9,6.0,26.8,1.6,1.0,11.9,29.1,1.5,1.0,2.5,.058,0.6,-1.2,-0.6,0.7
Melvin Frazier,OKC,SG,25,3,120,-0.4,.313,.438,.146,4.2,7.0,5.6,1.2,0.4,0.0,5.5,19.5,-0.4,0.0,-0.4,-0.160,-9.7,-6.7,-16.4,-0.4
Tim Frazier,TOT,PG,31,12,208,3.3,.398,.378,.200,2.5,7.1,4.8,22.5,0.7,0.4,23.5,13.3,-0.3,0.1,-0.2,-0.046,-6.8,-1.8,-8.6,-0.3
Enes Freedom,BOS,C,29,35,411,15.0,.585,.052,.289,16.5,25.4,21.0,2.7,0.6,3.1,15.5,13.9,0.6,0.7,1.4,.160,-1.2,-0.2,-1.4,0.1
Markelle Fultz,ORL,PG,23,18,360,17.7,.517,.097,.177,1.2,13.2,7.2,48.9,2.7,1.3,17.5,27.5,0.0,0.4,0.4,.053,-0.1,0.4,0.2,0.2
Wenyen Gabriel,TOT,PF,24,26,358,12.5,.549,.255,.382,11.8,17.2,14.5,5.6,0.7,2.7,11.1,17.4,0.4,0.3,0.7,.090,-3.7,-2.1,-5.9,-0.4
Daniel Gafford,WAS,C,23,72,1444,21.8,.708,.002,.372,12.1,19.0,15.6,7.3,1.0,5.8,12.0,16.7,4.4,1.6,6.0,.198,1.1,0.5,1.6,1.3
Danilo Gallinari,ATL,PF,33,66,1672,14.3,.579,.492,.261,2.3,17.8,10.1,8.5,0.8,0.6,5.4,18.4,2.8,0.8,3.6,.105,1.0,-1.2,-0.2,0.8
Langston Galloway,TOT,SG,30,7,107,0.7,.269,.615,.000,3.1,14.7,9.0,13.7,0.4,0.0,18.8,12.8,-0.3,0.1,-0.2,-0.100,-8.0,-1.8,-9.8,-0.2
Darius Garland,CLE,PG,22,68,2430,19.0,.576,.387,.205,1.8,8.2,5.1,39.9,1.8,0.3,16.2,27.8,3.8,2.5,6.3,.125,3.4,-0.8,2.6,2.8
Marcus Garrett,MIA,SG,23,12,128,4.7,.280,.190,.238,8.1,12.2,10.2,7.0,2.0,2.5,7.9,8.8,-0.1,0.2,0.1,.032,-6.4,1.0,-5.4,-0.1
Usman Garuba,HOU,PF,19,24,239,12.9,.510,.455,.159,9.6,28.7,19.1,9.6,2.0,4.1,11.3,9.4,0.2,0.3,0.5,.105,-1.8,0.9,-0.9,0.1
Luka Garza,DET,C,23,32,389,15.6,.535,.333,.415,15.3,12.3,13.9,8.3,1.1,1.4,9.4,21.1,0.5,0.2,0.8,.093,-0.5,-2.0,-2.5,-0.1
Rudy Gay,UTA,PF,35,55,1038,13.0,.539,.536,.208,6.0,19.1,12.8,7.8,1.2,1.6,10.2,19.3,0.8,1.3,2.1,.097,-0.7,-0.3,-1.0,0.3
Paul George,LAC,SF,31,31,1077,18.6,.538,.404,.233,1.2,19.2,10.5,28.1,3.0,1.0,15.2,33.7,-0.6,1.9,1.3,.057,1.7,1.9,3.6,1.5
Taj Gibson,NYK,C,36,52,946,12.0,.606,.229,.313,9.8,16.3,13.0,4.9,1.2,4.2,12.5,10.0,1.4,1.2,2.7,.135,-3.0,1.0,-2.0,0.0
Josh Giddey,OKC,SG,19,54,1700,13.3,.478,.318,.118,5.8,19.8,12.7,32.3,1.5,1.1,19.5,22.2,-1.3,1.7,0.4,.010,-1.2,0.3,-1.0,0.4
Shai Gilgeous-Alexander,OKC,PG,23,56,1942,20.9,.557,.282,.385,1.9,13.0,7.4,31.1,1.8,2.2,11.1,30.8,2.8,1.8,4.6,.113,2.9,0.5,3.4,2.7
Anthony Gill,WAS,PF,29,44,463,14.7,.682,.239,.477,8.0,12.2,10.2,8.3,0.5,2.0,12.0,14.4,1.1,0.2,1.4,.140,-0.6,-1.3,-1.9,0.0
Freddie Gillespie,ORL,PF,24,9,119,9.5,.419,.045,.318,11.5,20.5,16.0,5.9,1.2,6.9,16.6,10.9,-0.1,0.2,0.1,.049,-5.6,1.0,-4.6,-0.1
Rudy Gobert,UTA,C,29,66,2120,24.7,.732,.008,.864,12.9,36.3,25.0,5.1,1.0,5.7,14.5,16.9,7.3,4.3,11.7,.264,2.9,1.7,4.6,3.6
Brandon Goodwin,CLE,PG,26,36,502,11.8,.501,.357,.247,3.1,11.4,7.4,26.0,2.5,0.2,17.4,18.2,0.1,0.7,0.7,.069,-2.6,1.1,-1.6,0.1
Jordan Goodwin,WAS,SG,23,2,6,-20.4,.000,.333,.000,0.0,18.2,9.2,0.0,0.0,0.0,0.0,22.2,-0.1,0.0,-0.1,-0.533,-24.7,-9.4,-34.1,0.0
Aaron Gordon,DEN,PF,26,75,2376,15.3,.602,.312,.276,6.1,14.3,10.3,11.6,0.9,1.7,12.5,19.7,3.2,2.0,5.2,.105,0.5,-1.1,-0.6,0.9
Eric Gordon,HOU,SG,33,57,1669,12.1,.614,.534,.239,1.0,6.5,3.7,14.1,0.8,1.0,14.6,18.6,1.5,-0.1,1.4,.040,-0.1,-2.2,-2.3,-0.1
Devonte' Graham,NOP,PG,26,76,2162,12.1,.514,.691,.172,1.9,7.3,4.5,21.0,1.6,0.5,10.7,19.5,1.6,1.2,2.8,.062,0.2,-1.2,-1.0,0.5
Jerami Grant,DET,PF,27,47,1500,16.1,.556,.363,.371,1.9,12.4,6.9,12.5,1.4,2.9,9.5,25.7,1.2,1.1,2.3,.075,1.4,-0.2,1.2,1.2
Hassani Gravett,ORL,PG,25,8,171,10.1,.629,.684,.105,0.6,12.4,6.5,17.0,1.4,0.5,18.5,12.3,0.1,0.1,0.3,.071,-2.4,0.2,-2.3,0.0
Danny Green,PHI,SF,34,62,1353,9.5,.561,.847,.044,2.7,10.1,6.5,6.5,2.2,2.5,12.1,12.3,0.3,1.6,1.9,.067,-1.4,0.8,-0.5,0.5
Draymond Green,GSW,PF,31,46,1329,14.3,.582,.210,.354,3.8,23.2,13.8,32.5,2.2,3.6,31.9,14.3,0.8,2.8,3.6,.131,-1.4,4.6,3.2,1.8
Jalen Green,HOU,SG,19,67,2138,12.5,.547,.480,.247,1.7,10.0,5.8,13.1,1.0,0.8,11.3,23.7,0.5,0.2,0.7,.015,-0.5,-2.4,-2.9,-0.5
JaMychal Green,DEN,PF,31,67,1085,14.1,.587,.379,.284,8.6,19.9,14.5,7.6,1.9,2.2,13.4,17.2,1.2,1.4,2.7,.118,-2.0,0.1,-1.8,0.0
Javonte Green,CHI,SF,28,65,1519,14.0,.637,.311,.295,6.8,13.6,10.2,5.3,2.2,1.8,7.6,11.5,2.9,1.5,4.4,.139,-0.6,0.7,0.1,0.8
Jeff Green,DEN,C,35,75,1849,12.5,.627,.318,.374,2.6,11.1,7.0,7.3,0.7,1.3,10.3,16.3,2.7,1.2,3.9,.101,-1.2,-1.2,-2.5,-0.2
Josh Green,DAL,SG,21,67,1039,11.9,.578,.305,.176,5.6,11.7,8.6,11.0,2.2,1.2,13.8,13.9,1.0,1.4,2.4,.111,-2.4,1.4,-1.0,0.3
Blake Griffin,BRK,PF,32,56,958,13.7,.518,.463,.243,7.0,18.6,13.0,15.0,1.4,1.3,8.2,16.9,1.2,0.9,2.1,.106,-0.6,0.1,-0.6,0.3
Quentin Grimes,NYK,SG,21,46,786,10.7,.565,.804,.081,3.2,9.8,6.4,8.5,2.0,1.4,10.3,15.1,0.6,0.9,1.4,.087,-1.2,0.9,-0.3,0.3
Kyle Guy,MIA,SG,24,19,186,9.5,.526,.615,.185,2.5,7.8,5.2,13.5,1.9,0.6,15.6,19.9,-0.1,0.2,0.1,.035,-3.1,-0.3,-3.4,-0.1
Rui Hachimura,WAS,PF,23,42,943,14.9,.579,.323,.173,3.0,15.6,9.4,7.9,1.2,0.8,7.4,20.9,0.9,0.6,1.4,.073,0.2,-1.7,-1.5,0.1
Tyrese Haliburton,TOT,SG-PG,21,77,2695,18.2,.595,.428,.209,2.5,10.3,6.3,34.1,2.4,1.6,16.7,19.0,5.2,1.8,7.0,.125,2.7,-0.1,2.6,3.1
Tyler Hall,NYK,SG,24,1,2,0.0,,,,0.0,0.0,0.0,0.0,0.0,0.0,,0.0,0.0,0.0,0.0,.007,-8.1,-0.5,-8.5,0.0
R.J. Hampton,ORL,SG,20,64,1402,8.5,.481,.400,.256,1.7,12.9,7.3,16.9,1.4,0.8,14.6,18.4,-1.3,1.1,-0.2,-0.005,-4.0,-0.1,-4.1,-0.7
Tim Hardaway Jr.,DAL,SG,29,42,1245,12.7,.520,.574,.194,1.2,12.8,7.0,11.4,1.5,0.4,5.6,22.0,0.5,1.5,2.0,.077,-0.4,0.2,-0.2,0.6
James Harden,TOT,PG-SG,32,65,2419,20.9,.583,.452,.540,2.6,19.7,11.3,40.3,1.7,1.3,18.8,27.2,4.9,2.7,7.6,.152,3.7,0.3,4.1,3.7
Maurice Harkless,SAC,SF,28,47,863,7.7,.561,.558,.155,1.5,12.7,7.1,3.6,1.6,2.4,13.8,11.2,-0.1,0.6,0.5,.026,-3.7,0.4,-3.3,-0.3
Jared Harper,NOP,PG,24,5,43,36.9,.666,.462,.154,5.0,0.0,2.6,64.1,4.6,2.2,6.7,29.7,0.3,0.1,0.4,.422,14.2,3.1,17.3,0.2
Montrezl Harrell,TOT,C,28,71,1641,23.2,.680,.031,.533,10.0,18.7,14.4,13.9,0.9,2.3,9.5,20.2,6.1,1.2,7.3,.213,3.7,0.1,3.9,2.4
Gary Harris,ORL,SG,27,61,1730,10.9,.571,.546,.172,2.2,5.3,3.7,9.5,1.6,0.5,9.3,16.4,1.1,1.0,2.2,.060,-2.0,-0.4,-2.4,-0.2
Joe Harris,BRK,SF,30,14,423,9.6,.624,.710,.048,1.3,12.8,7.2,4.5,0.8,0.4,11.2,14.5,0.3,0.2,0.5,.060,-0.9,-0.5,-1.4,0.1
Tobias Harris,PHI,PF,29,73,2543,15.9,.566,.269,.198,3.4,18.1,10.9,15.9,0.9,1.5,9.5,21.7,3.0,2.6,5.6,.105,0.6,-0.6,0.0,1.3
Shaquille Harrison,BRK,SG,28,2,23,4.6,.333,.333,.000,4.9,13.8,9.5,16.6,2.1,3.9,25.0,15.0,-0.1,0.0,0.0,-0.067,-9.0,0.7,-8.3,0.0
Josh Hart,TOT,SG-SF,26,54,1791,16.1,.610,.374,.371,3.7,20.7,12.0,18.9,1.7,0.7,14.7,18.6,2.8,1.5,4.4,.117,0.5,0.5,1.0,1.4
Isaiah Hartenstein,LAC,C,23,68,1216,22.0,.664,.082,.361,10.5,18.2,14.5,20.5,2.0,5.4,16.5,18.4,3.3,2.2,5.5,.215,1.4,3.1,4.5,2.0
Udonis Haslem,MIA,C,41,13,83,8.6,.495,.129,.097,5.6,28.2,17.1,7.4,0.6,1.3,13.4,20.0,-0.1,0.1,0.1,.033,-6.4,-0.7,-7.1,-0.1
Sam Hauser,BOS,SF,24,26,158,14.8,.650,.880,.000,3.5,16.0,9.9,9.1,0.3,1.2,3.8,14.5,0.4,0.2,0.6,.171,2.7,-0.3,2.3,0.2
Jaxson Hayes,NOP,C,21,70,1398,18.5,.680,.143,.472,8.9,16.2,12.5,4.7,1.2,3.8,10.1,16.4,3.7,1.3,5.1,.174,0.6,-0.3,0.2,0.8
Killian Hayes,DET,PG,20,66,1647,9.3,.461,.364,.161,2.2,12.0,6.9,24.6,2.3,1.9,18.4,15.7,-1.0,1.5,0.5,.014,-4.3,0.8,-3.5,-0.6
Gordon Hayward,CHO,SF,31,49,1564,15.1,.570,.357,.241,2.5,12.8,7.6,16.1,1.4,1.3,10.6,20.7,1.9,1.0,2.8,.087,0.1,-0.8,-0.7,0.5
Aaron Henry,PHI,SF,22,6,17,-7.4,.200,.200,.000,0.0,6.5,3.3,0.0,0.0,10.6,28.6,18.5,-0.1,0.0,-0.1,-0.306,-14.0,-2.4,-16.5,-0.1
Juancho Hernangómez,TOT,PF,26,40,445,11.5,.542,.651,.321,7.0,17.1,12.2,6.0,1.6,2.0,11.7,13.4,0.3,0.6,0.9,.095,-0.7,0.1,-0.6,0.2
Willy Hernangómez,NOP,C,27,50,839,22.2,.582,.037,.431,18.5,26.3,22.3,11.9,1.2,2.2,11.6,22.5,2.2,0.9,3.2,.180,1.8,-1.5,0.2,0.5
Tyler Herro,MIA,SG,22,66,2151,16.2,.561,.391,.195,1.7,15.4,8.7,20.9,1.0,0.4,12.5,28.8,1.3,2.4,3.8,.084,1.6,-0.9,0.7,1.5
Buddy Hield,TOT,SG,29,81,2499,12.9,.548,.652,.116,2.9,12.8,7.8,13.8,1.4,0.9,11.7,22.4,0.8,1.1,1.9,.036,0.5,-1.7,-1.2,0.5
Haywood Highsmith,MIA,SF,25,19,163,7.0,.446,.609,.109,7.1,10.9,9.0,5.1,0.6,1.9,5.9,14.0,0.0,0.2,0.1,.041,-3.3,-1.3,-4.6,-0.1
George Hill,MIL,SG,35,54,1253,10.2,.552,.487,.225,3.3,9.7,6.6,12.4,1.6,0.5,11.9,11.7,1.3,1.0,2.3,.087,-2.2,0.6,-1.5,0.1
Malcolm Hill,TOT,SF-SG,26,19,212,12.7,.619,.692,.269,5.8,12.6,9.2,5.0,1.6,1.2,4.9,12.7,0.4,0.2,0.6,.126,-1.1,-0.5,-1.6,0.0
Solomon Hill,ATL,PF,30,13,139,3.3,.200,.650,.000,4.8,13.3,9.1,10.3,1.4,1.3,4.8,6.6,-0.1,0.1,0.0,-0.006,-5.1,1.2,-4.0,-0.1
Nate Hinton,IND,SG,22,2,2,-45.2,.000,.000,.000,0.0,0.0,0.0,0.0,0.0,0.0,50.0,42.8,-0.1,0.0,-0.1,-1.231,-28.1,-14.5,-42.6,0.0
Jaylen Hoard,OKC,SF,22,7,240,18.0,.536,.278,.156,12.7,23.5,18.0,11.6,1.2,1.9,7.7,18.7,0.3,0.3,0.6,.118,1.2,-2.1,-0.9,0.1
Aaron Holiday,TOT,PG,25,63,1021,12.6,.544,.305,.201,2.6,10.3,6.5,20.7,2.0,0.7,15.4,18.7,0.5,0.9,1.5,.068,-1.9,0.3,-1.7,0.1
Jrue Holiday,MIL,PG,31,67,2207,19.8,.593,.336,.189,3.4,10.9,7.2,31.8,2.4,1.3,15.0,23.5,4.5,2.4,6.9,.150,2.9,0.3,3.2,2.9
Justin Holiday,TOT,SF-SG,32,74,2057,9.5,.543,.728,.094,1.5,8.8,5.1,8.6,1.3,1.4,9.2,15.8,0.8,0.6,1.4,.033,-1.4,-0.8,-2.2,-0.1
Richaun Holmes,SAC,C,28,45,1074,17.8,.689,.017,.300,9.3,22.9,16.1,6.8,0.8,3.3,14.2,15.8,2.4,0.9,3.2,.145,-0.4,-0.1,-0.5,0.4
Rodney Hood,TOT,SF-SG,29,52,709,7.2,.493,.580,.121,2.3,9.1,5.8,6.9,1.0,0.8,6.2,10.7,0.2,0.5,0.7,.048,-3.1,-0.3,-3.3,-0.2
Scotty Hopson,OKC,SG,32,1,18,0.1,.500,.250,.000,0.0,5.8,2.9,8.1,0.0,0.0,33.3,14.4,-0.1,0.0,0.0,-0.132,-8.7,-2.9,-11.6,0.0
Al Horford,BOS,C,35,69,2005,16.7,.574,.466,.167,6.0,22.2,14.3,16.4,1.2,4.2,9.6,14.8,3.7,3.8,7.6,.181,1.4,2.9,4.3,3.2
Talen Horton-Tucker,LAL,SG,21,60,1511,11.0,.503,.338,.232,2.6,11.1,6.9,14.9,1.9,1.7,12.1,19.2,-0.2,1.2,1.1,.033,-3.2,-0.2,-3.3,-0.5
Danuel House Jr.,TOT,SF,28,42,727,10.6,.555,.591,.293,2.8,13.8,8.4,8.4,1.4,2.1,12.9,15.2,0.4,0.7,1.0,.068,-1.3,0.2,-1.1,0.2
Dwight Howard,LAL,C,36,60,971,18.2,.657,.068,.667,13.1,26.3,19.7,5.0,1.7,3.3,14.2,14.6,2.2,1.3,3.5,.174,-0.2,0.0,-0.2,0.4
Markus Howard,DEN,SG,22,31,176,16.1,.567,.693,.228,1.3,6.1,3.8,6.2,2.5,0.0,5.9,29.4,0.1,0.2,0.3,.082,0.8,-2.0,-1.2,0.0
Kevin Huerter,ATL,SG,23,74,2188,11.9,.570,.541,.068,1.6,11.0,6.4,13.2,1.2,1.1,10.4,17.5,1.8,1.0,2.8,.062,-0.5,-0.7,-1.2,0.4
Jay Huff,LAL,C,23,4,20,0.6,.000,.667,.000,5.4,16.1,10.8,5.9,2.4,4.5,25.0,8.6,-0.1,0.0,0.0,-0.117,-8.3,0.9,-7.4,0.0
Elijah Hughes,TOT,SG-SF,23,36,434,5.4,.426,.660,.063,1.5,13.4,7.3,7.2,1.6,1.8,10.3,16.5,-0.6,0.3,-0.4,-0.043,-5.2,-1.7,-6.9,-0.5
Feron Hunt,NYK,SF,22,2,8,-3.0,.000,.000,.000,13.2,0.0,6.7,16.0,6.3,0.0,33.3,16.4,-0.1,0.0,0.0,-0.234,-12.3,1.0,-11.3,0.0
De'Andre Hunter,ATL,SF,24,53,1577,10.6,.547,.339,.289,1.8,10.4,6.1,6.1,1.1,1.2,9.6,19.9,0.4,0.7,1.1,.034,-2.4,-1.5,-3.9,-0.8
Chandler Hutchison,PHO,SF,25,6,22,1.0,.694,.000,1.000,0.0,23.8,12.2,10.5,0.0,0.0,58.1,13.5,-0.1,0.0,0.0,-0.086,-8.0,-0.5,-8.5,0.0
Bones Hyland,DEN,PG,21,69,1310,14.4,.558,.627,.219,1.2,14.4,8.0,21.2,1.5,1.4,12.1,23.8,1.1,1.3,2.4,.088,0.3,-0.7,-0.4,0.5
Serge Ibaka,TOT,C-PF,32,54,877,14.4,.579,.334,.149,7.7,22.2,15.1,8.4,0.6,3.3,12.0,17.8,0.8,1.1,2.0,.108,-1.3,-0.2,-1.5,0.1
Andre Iguodala,GSW,SF,38,31,603,12.3,.478,.612,.165,3.9,13.9,9.1,24.7,2.2,3.5,17.7,11.4,0.5,1.1,1.6,.125,-0.9,3.7,2.7,0.7
Joe Ingles,UTA,SF,34,45,1122,10.0,.551,.789,.077,1.2,11.2,6.4,19.0,1.0,0.4,13.5,13.2,1.3,0.9,2.2,.094,-0.7,0.5,-0.3,0.5
Brandon Ingram,NOP,SF,24,55,1869,18.7,.554,.230,.328,2.0,17.3,9.5,27.8,0.9,1.3,11.8,29.3,2.5,1.3,3.9,.099,2.6,-0.6,2.0,1.9
Kyrie Irving,BRK,PG,29,29,1091,21.4,.592,.388,.209,1.6,10.8,6.3,25.2,1.8,1.4,9.8,29.4,2.4,0.9,3.3,.147,4.2,-1.2,3.0,1.4
Wes Iwundu,ATL,SF,27,3,82,7.1,.557,.278,.222,4.0,13.3,8.7,0.0,0.6,0.0,4.8,11.1,0.1,0.0,0.1,.046,-4.1,-2.7,-6.8,-0.1
Frank Jackson,DET,PG,23,53,1164,10.6,.530,.578,.215,1.7,6.7,4.0,7.6,1.1,0.7,6.7,20.9,0.3,0.4,0.7,.031,-1.8,-1.7,-3.5,-0.4
Isaiah Jackson,IND,PF,20,36,541,20.5,.607,.078,.427,12.2,18.7,15.4,2.9,2.3,8.4,14.0,22.5,0.7,0.7,1.4,.126,-1.6,0.1,-1.5,0.1
Jaren Jackson Jr.,MEM,PF,22,78,2126,17.0,.535,.387,.333,5.7,16.9,11.2,5.8,1.6,7.4,9.9,25.4,1.7,3.7,5.4,.121,-0.9,0.8,-0.1,1.0
Josh Jackson,TOT,SF,24,51,830,9.5,.491,.433,.257,2.6,16.4,9.2,10.0,1.5,2.4,12.3,19.7,-0.7,0.7,0.0,.001,-4.1,-0.4,-4.5,-0.5
Justin Jackson,TOT,SF,26,7,37,7.7,.472,.600,.133,3.0,16.9,10.1,7.1,0.0,0.0,5.9,19.7,0.0,0.0,0.0,.032,-2.2,-1.1,-3.3,0.0
Reggie Jackson,LAC,SG,31,75,2337,12.1,.488,.419,.133,1.8,10.2,6.1,24.6,1.2,0.5,11.8,27.6,-1.7,2.0,0.4,.008,-1.4,-1.6,-2.9,-0.6
LeBron James,LAL,SF,37,56,2084,26.2,.619,.367,.275,3.3,20.4,11.8,30.6,1.7,2.5,12.5,32.3,5.2,2.3,7.5,.172,6.9,0.8,7.7,5.1
DeJon Jarreau,IND,SG,24,1,1,0.0,,,,0.0,0.0,0.0,0.0,0.0,0.0,,0.0,0.0,0.0,0.0,-0.022,-6.5,-1.5,-8.0,0.0
DaQuan Jeffries,MEM,SG,24,3,9,8.4,.500,.500,.000,0.0,23.8,11.6,14.0,0.0,0.0,0.0,9.1,0.0,0.0,0.0,.099,-5.8,0.9,-4.9,0.0
Ty Jerome,OKC,SG,24,48,801,11.3,.488,.567,.143,2.4,7.7,5.0,21.3,1.8,0.6,9.6,20.8,0.0,0.5,0.5,.032,-2.2,-0.2,-2.3,-0.1
Isaiah Joe,PHI,SG,22,55,609,7.7,.519,.763,.175,1.1,9.0,5.1,8.1,1.1,0.4,9.1,15.5,0.0,0.4,0.4,.035,-3.1,-1.5,-4.6,-0.4
Alize Johnson,TOT,PF,25,23,167,10.7,.463,.103,.308,18.8,22.1,20.4,7.1,1.5,0.0,21.3,14.8,0.0,0.1,0.1,.041,-3.6,-1.8,-5.5,-0.1
B.J. Johnson,ORL,SF,26,4,65,12.1,.520,.400,.000,9.7,14.7,12.2,0.0,0.0,1.4,0.0,16.7,0.1,0.0,0.1,.065,-0.7,-3.9,-4.6,0.0
Cameron Johnson,PHO,PF,25,66,1730,15.2,.625,.644,.188,2.7,14.0,8.5,7.7,1.6,0.8,6.7,17.5,3.2,2.4,5.6,.156,2.0,0.7,2.7,2.1
David Johnson,TOR,SG,20,2,2,-20.0,.000,1.000,.000,0.0,0.0,0.0,0.0,0.0,0.0,0.0,21.4,0.0,0.0,0.0,-0.495,-19.0,-8.7,-27.7,0.0
Jalen Johnson,ATL,PF,20,22,120,11.3,.590,.317,.171,1.8,21.8,11.9,3.7,1.2,1.5,17.0,19.3,-0.1,0.1,0.0,.013,-3.9,-1.1,-4.9,-0.1
James Johnson,BRK,PF,34,62,1191,10.3,.513,.277,.179,4.8,14.6,9.8,14.5,1.2,2.6,12.7,13.7,0.6,1.1,1.7,.068,-2.7,0.6,-2.2,-0.1
Joe Johnson,BOS,SG,40,1,2,38.7,1.000,.000,.000,0.0,0.0,0.0,0.0,0.0,0.0,0.0,22.0,0.0,0.0,0.0,.335,12.1,2.8,15.0,0.0
Keldon Johnson,SAS,SF,22,75,2392,15.2,.574,.395,.231,3.5,16.7,10.0,9.5,1.2,0.5,7.6,21.3,2.9,2.0,4.9,.098,0.7,-1.2,-0.5,0.9
Keon Johnson,TOT,SG,19,37,697,8.7,.453,.368,.188,3.7,9.1,6.3,16.3,2.0,1.7,13.5,21.2,-0.8,0.4,-0.5,-0.031,-4.0,-2.0,-5.9,-0.7
Stanley Johnson,LAL,PF,25,48,1094,10.5,.564,.418,.295,3.4,11.9,7.6,9.8,1.9,1.1,11.0,12.5,0.9,0.9,1.8,.079,-2.8,0.1,-2.7,-0.2
Tyler Johnson,TOT,PG,29,6,91,7.1,.425,.650,.000,3.5,10.7,7.1,9.5,1.6,2.8,9.1,10.5,0.0,0.1,0.1,.033,-3.9,0.8,-3.0,0.0
Nikola Jokić,DEN,C,26,74,2476,32.8,.661,.220,.357,9.6,35.5,23.0,42.6,2.2,2.3,15.6,31.9,10.8,4.5,15.2,.296,9.2,4.5,13.7,9.8
Carlik Jones,TOT,PG,24,5,23,-1.8,.202,.111,.222,4.8,9.7,7.3,26.7,2.2,0.0,23.3,25.1,-0.2,0.0,-0.1,-0.285,-11.3,-4.2,-15.5,-0.1
Damian Jones,SAC,C,26,56,1017,18.3,.701,.109,.492,7.9,18.5,13.2,10.2,1.2,4.0,15.4,16.2,2.4,0.9,3.3,.156,-0.2,0.5,0.3,0.6
Derrick Jones Jr.,CHI,PF,24,51,899,13.0,.633,.313,.359,7.6,13.6,10.6,4.4,1.4,3.2,11.7,12.5,1.4,0.8,2.2,.119,-1.5,0.5,-0.9,0.2
Herbert Jones,NOP,PF,23,78,2335,12.3,.573,.293,.283,4.5,9.6,7.0,10.0,2.7,2.5,13.4,13.7,2.1,2.5,4.6,.096,-2.0,1.5,-0.5,0.9
Jemerrio Jones,LAL,SF,26,2,15,14.8,.667,.000,.000,14.4,7.1,10.8,0.0,3.2,0.0,0.0,8.6,0.0,0.0,0.1,.170,-1.1,0.1,-1.0,0.0
Kai Jones,CHO,C,21,21,63,9.2,.628,.143,.571,5.0,13.7,9.2,8.6,0.8,3.0,25.5,15.9,0.0,0.0,0.0,.009,-5.2,-1.4,-6.6,-0.1
Mason Jones,LAL,SG,23,4,51,17.8,.625,.267,1.000,2.1,18.9,10.5,10.9,1.9,0.0,4.4,19.0,0.2,0.0,0.2,.201,-1.2,0.3,-0.9,0.0
Tre Jones,SAS,PG,22,69,1148,15.0,.545,.150,.268,2.6,11.6,7.1,27.0,1.8,0.5,10.8,15.6,1.9,0.9,2.9,.121,-0.9,0.4,-0.5,0.4
Tyus Jones,MEM,PG,25,73,1549,16.5,.544,.371,.120,1.1,11.0,5.9,28.2,2.0,0.1,7.3,16.6,3.4,1.6,5.1,.158,1.2,0.5,1.7,1.4
DeAndre Jordan,TOT,C,33,48,622,17.2,.641,.000,.280,14.7,31.4,23.1,4.9,0.9,5.0,18.7,13.9,0.9,1.0,1.9,.145,-1.5,0.1,-1.4,0.1
Cory Joseph,DET,PG,30,65,1600,11.4,.579,.393,.283,1.9,10.3,5.9,21.8,1.3,1.0,15.9,14.3,1.7,0.8,2.5,.075,-2.0,-0.1,-2.1,0.0
Georgios Kalaitzakis,TOT,SF,23,13,214,8.6,.536,.388,.448,3.0,7.3,5.1,8.8,2.5,0.9,20.0,20.2,-0.3,0.2,-0.1,-0.024,-5.1,-1.9,-7.0,-0.3
Frank Kaminsky,PHO,C,28,9,181,21.3,.635,.227,.303,6.7,17.3,12.1,10.1,2.1,3.4,6.3,19.0,0.5,0.3,0.9,.228,2.4,2.5,4.9,0.3
Luke Kennard,LAC,SG,25,70,1919,13.3,.619,.662,.121,1.1,11.2,6.3,11.2,1.1,0.3,8.2,16.8,2.8,1.7,4.5,.113,0.8,-0.3,0.5,1.2
Braxton Key,TOT,SF,24,11,197,13.7,.508,.292,.181,6.8,21.4,13.7,8.9,2.5,5.0,12.4,19.4,-0.1,0.3,0.2,.052,-3.8,0.6,-3.3,-0.1
George King,DAL,SF,28,4,19,-12.3,.085,.800,.400,0.0,29.3,14.6,0.0,0.0,0.0,14.5,16.3,-0.1,0.0,-0.1,-0.296,-16.5,-3.5,-20.1,-0.1
Louis King,SAC,SF,22,10,104,8.1,.438,.574,.213,0.0,12.7,6.3,12.5,0.9,0.8,0.0,21.2,0.0,0.0,0.0,.000,-3.0,-1.6,-4.6,-0.1
Corey Kispert,WAS,SF,22,77,1801,10.9,.586,.623,.121,3.3,9.4,6.4,6.7,1.0,1.0,8.5,14.6,1.6,0.7,2.3,.061,-0.8,-1.5,-2.3,-0.1
Maxi Kleber,DAL,PF,30,59,1450,11.0,.537,.720,.184,5.4,21.5,13.4,6.5,1.0,3.6,10.9,13.3,0.7,2.3,3.0,.098,-1.6,1.2,-0.4,0.6
Brandon Knight,DAL,PG,30,5,65,13.0,.561,.680,.320,0.0,13.7,6.8,18.6,0.8,0.0,12.3,22.5,0.1,0.1,0.1,.091,-2.7,-1.9,-4.6,0.0
Nathan Knight,MIN,PF,24,37,267,18.7,.603,.148,.682,12.5,21.8,17.1,11.9,1.2,2.9,13.6,20.7,0.6,0.3,1.0,.171,-0.7,0.1,-0.6,0.1
Kevin Knox,TOT,SF,22,30,222,10.9,.491,.635,.259,6.8,14.8,10.7,6.5,0.9,0.8,6.9,20.0,0.1,0.2,0.2,.047,-1.9,-2.2,-4.1,-0.1
John Konchar,MEM,SG,25,72,1292,14.0,.615,.481,.187,6.9,20.1,13.3,10.6,1.7,1.5,9.3,9.9,2.4,1.8,4.2,.155,0.2,1.3,1.5,1.2
Furkan Korkmaz,PHI,SG,24,67,1414,10.2,.502,.566,.179,1.8,11.9,6.9,13.1,1.2,0.6,8.6,17.6,0.1,1.1,1.2,.041,-2.0,-1.1,-3.1,-0.4
Luke Kornet,TOT,C,26,15,103,16.6,.506,.185,.222,14.0,16.4,15.2,12.4,1.4,2.6,0.0,12.7,0.2,0.2,0.4,.194,-0.9,0.4,-0.5,0.0
Vit Krejci,OKC,SG,21,30,690,8.5,.529,.587,.132,2.6,12.6,7.5,11.9,1.3,1.1,14.1,12.9,0.1,0.5,0.6,.042,-4.3,-1.0,-5.3,-0.6
Arnoldas Kulboka,CHO,SF,24,2,5,-10.7,.000,1.000,.000,0.0,0.0,0.0,0.0,0.0,0.0,0.0,8.5,0.0,0.0,0.0,-0.217,-14.7,-7.1,-21.8,0.0
Jonathan Kuminga,GSW,SF,19,70,1185,15.2,.600,.324,.413,5.1,16.1,10.8,8.4,1.3,1.8,12.0,22.7,1.3,1.8,3.0,.123,-1.3,-0.2,-1.5,0.1
Kyle Kuzma,WAS,PF,26,66,2204,15.2,.547,.401,.234,3.6,24.3,14.1,16.3,0.9,2.2,14.1,24.2,0.0,2.0,2.0,.044,0.2,-0.4,-0.2,1.0
Anthony Lamb,SAS,SF,24,2,8,-0.5,.000,1.000,.000,0.0,13.2,6.6,27.9,0.0,0.0,0.0,10.6,0.0,0.0,0.0,-0.138,-6.2,-1.8,-8.0,0.0
Jeremy Lamb,TOT,SF-SG,29,56,935,13.3,.521,.490,.305,3.0,15.3,9.1,12.3,1.6,2.0,8.6,19.7,0.6,0.6,1.2,.063,-0.4,-0.5,-0.8,0.3
Jock Landale,SAS,C,26,54,589,16.0,.597,.436,.201,11.1,13.5,12.3,10.6,0.8,2.0,12.3,18.1,1.0,0.4,1.5,.121,0.7,-1.1,-0.4,0.2
Romeo Langford,TOT,SG,22,48,771,9.2,.520,.445,.220,4.3,10.7,7.6,3.7,1.4,1.9,7.1,12.9,0.3,1.0,1.3,.082,-2.3,1.0,-1.4,0.1
Zach LaVine,CHI,SF,26,67,2328,20.0,.605,.401,.316,1.1,13.8,7.4,20.8,0.9,0.9,11.2,28.8,4.5,1.3,5.8,.120,3.9,-1.5,2.4,2.6
Jake Layman,MIN,SF,27,34,231,9.0,.500,.479,.247,2.7,14.3,8.4,5.3,1.4,2.1,11.0,16.4,-0.1,0.2,0.1,.024,-3.3,-0.6,-3.9,-0.1
Damion Lee,GSW,SG,29,63,1256,10.9,.561,.488,.196,2.4,14.9,8.8,7.1,1.5,0.5,8.4,15.8,0.9,1.8,2.7,.102,-2.4,0.4,-2.0,0.0
Saben Lee,DET,PG,22,37,604,13.8,.499,.339,.401,3.1,13.0,7.8,26.2,2.9,1.8,14.7,17.3,0.3,0.7,0.9,.073,-1.9,1.5,-0.4,0.2
Alex Len,SAC,C,28,39,620,13.1,.577,.119,.358,9.0,19.3,14.1,10.6,1.0,3.5,17.4,17.1,0.4,0.5,0.9,.070,-3.2,0.3,-2.9,-0.1
Caris LeVert,TOT,SG,27,58,1781,15.1,.525,.300,.226,2.7,10.7,6.7,22.0,1.4,1.1,10.3,25.4,1.2,1.0,2.2,.059,0.0,-1.2,-1.2,0.4
Kira Lewis Jr.,NOP,PG,20,24,341,9.8,.466,.397,.082,2.9,10.0,6.3,21.7,1.6,0.3,14.7,22.3,-0.3,0.2,-0.1,-0.017,-2.8,-1.2,-4.0,-0.2
Scottie Lewis,CHO,SG,21,2,7,14.6,.568,,,0.0,0.0,0.0,16.2,6.9,0.0,0.0,5.3,0.0,0.0,0.0,.164,0.0,5.9,6.0,0.0
Damian Lillard,POR,PG,31,29,1056,18.5,.550,.514,.328,1.3,11.6,6.2,34.0,0.8,1.0,11.6,29.3,1.7,0.1,1.7,.079,4.0,-2.7,1.3,0.9
Nassir Little,POR,SF,21,42,1088,13.5,.575,.489,.298,5.7,18.7,11.9,7.4,1.1,3.3,10.1,15.8,1.2,0.6,1.7,.076,-0.9,-0.6,-1.5,0.2
Isaiah Livers,DET,SF,23,19,383,11.1,.629,.711,.156,4.0,12.5,8.0,8.0,1.7,1.6,13.5,12.4,0.4,0.3,0.7,.085,-1.3,-0.2,-1.5,0.0
Kevon Looney,GSW,C,25,82,1732,15.7,.586,.003,.343,13.5,23.8,18.8,13.2,1.4,2.9,13.8,12.2,3.5,3.2,6.8,.187,-0.9,1.7,0.9,1.3
Brook Lopez,MIL,C,33,13,298,16.0,.570,.405,.176,6.9,11.9,9.4,3.0,1.3,4.8,7.8,21.9,0.3,0.3,0.7,.108,-0.7,-0.7,-1.3,0.1
Robin Lopez,ORL,C,33,36,612,13.7,.570,.030,.271,11.7,10.0,10.9,14.4,0.2,2.7,16.5,18.9,0.5,0.3,0.8,.064,-2.4,-1.4,-3.8,-0.3
Didi Louzada,TOT,SG-SF,22,9,129,6.4,.517,.697,.061,4.1,10.6,7.2,5.3,0.8,1.5,12.9,13.0,0.0,0.0,0.0,-0.005,-4.1,-3.4,-7.5,-0.2
Kevin Love,CLE,PF,33,74,1665,19.6,.594,.627,.260,5.9,29.2,17.8,15.3,0.8,1.0,10.4,25.1,3.2,2.5,5.7,.164,4.3,0.1,4.5,2.7
Kyle Lowry,MIA,PG,35,63,2133,15.0,.600,.609,.278,1.8,13.0,7.5,32.3,1.6,0.8,19.3,18.2,3.7,2.7,6.4,.143,1.1,0.8,1.9,2.1
Gabriel Lundberg,PHO,SG,27,4,44,7.7,.342,.421,.000,5.0,11.9,8.5,31.5,3.3,0.0,13.6,21.5,-0.1,0.1,0.0,-0.005,-5.3,0.5,-4.8,0.0
Timothé Luwawu-Cabarrot,ATL,SF,26,52,685,9.3,.556,.656,.220,2.7,10.3,6.6,7.7,1.3,0.8,8.9,14.3,0.6,0.3,0.9,.061,-2.3,-1.0,-3.3,-0.2
Trey Lyles,TOT,PF,26,75,1537,16.4,.588,.372,.432,6.0,21.2,13.4,9.0,0.9,1.9,9.8,20.7,2.4,1.2,3.5,.111,0.5,-0.8,-0.3,0.7
Théo Maledon,OKC,PG,20,51,908,10.6,.500,.473,.315,2.2,12.8,7.4,18.5,1.7,1.1,15.3,20.3,-0.5,0.8,0.3,.015,-3.7,-0.7,-4.4,-0.6
Sandro Mamukelashvili,MIL,PF,22,41,407,14.7,.618,.452,.191,9.3,12.0,10.7,7.4,1.1,2.1,10.7,14.6,0.8,0.3,1.1,.135,0.6,-1.0,-0.3,0.2
Terance Mann,LAC,SF,25,81,2317,13.4,.572,.301,.238,4.9,14.3,9.7,13.1,1.2,0.8,9.9,16.0,3.1,2.4,5.5,.113,-0.8,0.2,-0.6,0.8
Tre Mann,OKC,PG,20,60,1367,10.2,.501,.463,.139,1.9,11.2,6.4,10.7,1.7,0.8,10.2,22.0,-1.0,1.0,0.1,.002,-3.3,-1.1,-4.3,-0.8
Boban Marjanović,DAL,C,33,23,128,18.5,.615,.057,.314,6.9,27.0,16.9,4.8,0.0,2.1,15.8,33.3,-0.1,0.2,0.1,.045,-3.2,-1.2,-4.4,-0.1
Lauri Markkanen,CLE,PF,24,61,1878,14.7,.582,.541,.226,3.5,16.5,10.2,6.6,1.2,1.4,6.5,19.5,2.7,2.3,5.0,.127,0.4,-0.1,0.4,1.1
Naji Marshall,NOP,SF,24,55,735,12.3,.505,.390,.346,5.6,16.0,10.7,12.3,2.2,1.0,12.9,20.8,0.0,0.7,0.8,.050,-2.7,-0.5,-3.2,-0.2
Caleb Martin,MIA,SF,26,60,1372,14.8,.611,.378,.227,5.9,13.0,9.5,7.0,2.1,2.3,10.3,16.3,1.9,2.1,4.0,.139,0.1,0.9,1.1,1.1
Cody Martin,CHO,SF,26,71,1866,12.7,.579,.376,.253,4.6,11.7,8.1,12.4,2.3,1.6,11.5,12.1,2.4,1.5,3.9,.101,-1.2,0.7,-0.5,0.7
Kelan Martin,TOT,SF,26,30,450,9.4,.484,.439,.076,4.1,9.6,6.8,6.7,1.4,1.7,7.3,18.1,-0.1,0.2,0.0,.005,-2.6,-1.0,-3.6,-0.2
Kenyon Martin Jr.,HOU,SF,21,79,1656,14.3,.603,.321,.235,5.3,14.5,9.9,9.4,1.0,2.2,9.4,16.3,2.3,0.6,2.9,.084,0.0,-1.2,-1.2,0.4
Garrison Mathews,HOU,SG,25,65,1712,11.0,.602,.837,.390,2.0,10.2,6.1,5.3,1.6,1.3,7.1,14.4,2.2,0.5,2.8,.078,-1.3,-1.0,-2.3,-0.1
Dakota Mathias,MEM,SG,26,6,16,11.0,.500,1.000,.000,0.0,13.4,6.5,8.0,3.0,0.0,0.0,15.4,0.0,0.0,0.0,.114,-1.4,1.7,0.3,0.0
Wesley Matthews,MIL,SG,35,49,1002,6.9,.536,.714,.127,3.2,6.4,4.9,4.6,1.1,0.8,7.2,10.7,0.6,0.6,1.2,.056,-3.0,-0.3,-3.3,-0.3
Tyrese Maxey,PHI,PG,21,75,2650,16.2,.594,.311,.247,1.1,8.9,5.1,19.1,1.0,1.1,7.4,20.2,5.4,1.9,7.3,.132,1.3,-0.7,0.6,1.8
Skylar Mays,ATL,SG,24,28,220,11.7,.589,.391,.141,2.5,9.9,6.2,10.8,1.6,0.0,12.8,15.5,0.2,0.1,0.3,.061,-1.2,-0.8,-2.0,0.0
Miles McBride,NYK,PG,21,40,372,6.1,.393,.630,.111,1.1,11.2,6.1,15.9,1.9,0.3,4.2,13.9,-0.1,0.4,0.2,.032,-5.5,1.0,-4.5,-0.2
Mac McClung,TOT,SG-PG,23,2,25,5.2,.621,.500,.167,0.0,12.9,6.5,5.2,1.9,3.6,31.8,16.3,0.0,0.0,0.0,-0.043,-8.4,-1.2,-9.6,0.0
CJ McCollum,TOT,SG,30,62,2145,18.3,.553,.403,.146,2.6,11.5,6.9,26.1,1.6,1.0,9.3,27.5,2.6,1.0,3.6,.081,3.2,-1.3,1.9,2.1
T.J. McConnell,IND,PG,29,27,652,15.1,.525,.159,.111,3.4,12.2,7.7,28.7,2.2,1.3,11.7,16.2,1.0,0.4,1.3,.098,-0.4,1.4,0.9,0.5
Jaden McDaniels,MIN,PF,21,70,1803,10.3,.553,.455,.128,4.4,13.2,8.7,6.1,1.4,2.9,11.4,15.3,0.7,1.7,2.4,.065,-2.9,-0.1,-2.9,-0.4
Jalen McDaniels,CHO,SF,24,55,895,12.7,.595,.425,.283,4.3,16.0,10.1,8.7,1.4,2.3,11.2,15.3,1.0,0.7,1.7,.093,-1.9,-0.4,-2.3,-0.1
Doug McDermott,SAS,PF,30,51,1223,11.4,.593,.551,.110,1.5,8.4,4.9,7.3,0.5,0.4,8.1,18.3,1.1,0.5,1.6,.062,-0.4,-2.1,-2.5,-0.1
JaVale McGee,PHO,C,34,74,1172,22.6,.651,.020,.319,15.3,29.7,22.7,5.4,0.9,6.1,15.8,22.8,2.4,2.6,4.9,.201,-0.1,0.9,0.8,0.8
Cameron McGriff,POR,SF,24,3,46,12.5,.470,.429,.143,13.8,22.3,17.9,9.4,0.0,2.1,0.0,14.0,0.1,0.0,0.1,.097,-1.0,-3.0,-4.0,0.0
Rodney McGruder,DET,SG,30,51,754,11.6,.577,.649,.116,4.2,12.1,8.0,9.6,1.4,0.8,9.2,14.8,0.7,0.4,1.2,.075,-0.7,-0.7,-1.4,0.1
Alfonzo McKinnie,CHI,SF,29,17,206,5.6,.457,.443,.131,7.1,10.9,9.0,3.2,0.5,1.3,9.8,15.3,-0.2,0.1,-0.1,-0.015,-5.6,-3.4,-9.0,-0.4
JaQuori McLaughlin,DAL,PG,24,4,11,-2.9,.000,.500,.000,0.0,0.0,0.0,22.3,0.0,0.0,0.0,8.2,0.0,0.0,0.0,-0.101,-9.4,-4.2,-13.6,0.0
Jordan McLaughlin,MIN,PG,25,62,902,13.4,.535,.425,.200,2.6,8.8,5.6,26.1,3.0,1.1,14.9,11.8,1.3,1.0,2.3,.123,-1.2,1.6,0.4,0.6
Ben McLemore,POR,SG,28,64,1285,11.7,.567,.774,.163,1.0,8.1,4.4,7.3,1.4,0.8,8.7,21.3,0.7,0.2,0.8,.031,-0.7,-2.5,-3.2,-0.4
De'Anthony Melton,MEM,SG,23,73,1657,15.2,.529,.535,.173,4.0,17.1,10.4,16.0,3.0,2.1,13.0,21.3,0.9,2.8,3.7,.107,0.3,1.6,1.9,1.6
Sam Merrill,MEM,SG,25,6,58,7.5,.485,.958,.167,1.8,11.1,6.3,9.0,0.0,0.0,7.2,19.6,0.0,0.0,0.0,.029,-2.2,-3.4,-5.6,-0.1
Chimezie Metu,SAC,C,24,60,1279,13.4,.546,.414,.203,2.9,25.9,14.3,6.9,1.9,2.2,11.1,18.5,0.1,1.4,1.5,.056,-1.6,0.1,-1.5,0.2
Khris Middleton,MIL,SF,30,66,2141,18.1,.577,.425,.285,2.1,15.3,8.8,25.5,1.7,0.8,14.2,26.7,3.2,2.2,5.3,.119,1.9,-0.3,1.6,1.9
C.J. Miles,BOS,SG,34,1,2,-7.8,,,,0.0,0.0,0.0,0.0,0.0,0.0,,0.0,0.0,0.0,0.0,.030,-16.3,0.0,-16.3,0.0
Patty Mills,BRK,PG,33,81,2346,10.4,.563,.715,.074,0.9,6.2,3.6,10.6,1.1,0.6,8.2,16.4,1.9,0.9,2.8,.058,-0.3,-1.4,-1.7,0.2
Paul Millsap,TOT,PF,36,33,376,10.8,.458,.304,.209,12.3,20.7,16.6,10.4,1.3,3.1,13.1,16.7,0.0,0.5,0.5,.061,-3.7,0.3,-3.4,-0.1
Shake Milton,PHI,PG,25,55,1179,11.9,.517,.330,.181,2.9,10.4,6.7,17.6,1.2,1.3,9.2,18.3,0.7,1.0,1.7,.069,-1.6,-0.6,-2.2,-0.1
Davion Mitchell,SAC,PG,23,75,2076,10.8,.489,.380,.101,1.7,7.0,4.4,22.5,1.3,1.0,11.5,20.6,-0.5,0.6,0.1,.003,-2.1,-1.7,-3.8,-0.9
Donovan Mitchell,UTA,SG,25,67,2266,21.6,.572,.475,.227,2.7,10.6,6.8,27.7,2.2,0.5,11.7,32.9,4.7,2.5,7.2,.152,4.6,-0.3,4.3,3.6
Evan Mobley,CLE,PF,20,69,2331,16.1,.549,.111,.304,6.9,19.8,13.5,11.6,1.2,4.4,12.4,20.4,1.5,3.7,5.2,.107,-0.9,1.5,0.6,1.5
Malik Monk,LAL,SG,23,76,2139,14.4,.597,.535,.142,1.9,11.0,6.4,15.2,1.4,1.2,12.2,20.1,2.3,1.4,3.6,.081,0.5,-1.0,-0.5,0.8
Greg Monroe,TOT,C,31,14,195,19.5,.566,.000,.404,16.9,18.8,17.7,16.2,2.0,4.8,15.2,17.3,0.4,0.3,0.7,.169,-0.3,0.7,0.4,0.1
Moses Moody,GSW,SG,19,52,607,10.5,.573,.601,.197,3.2,11.0,7.2,5.3,0.6,1.6,6.1,15.2,0.6,0.7,1.3,.101,-1.4,-1.1,-2.5,-0.1
Xavier Moon,LAC,SG,27,10,137,16.2,.545,.275,.098,1.6,9.0,5.4,27.0,2.5,1.9,10.1,19.0,0.2,0.2,0.3,.121,-1.1,1.0,-0.1,0.1
Matt Mooney,NYK,SG,24,1,2,-20.0,.000,1.000,.000,0.0,0.0,0.0,0.0,25.0,0.0,50.0,43.8,-0.1,0.0,0.0,-0.915,-33.9,11.5,-22.3,0.0
Ja Morant,MEM,PG,22,57,1889,24.4,.575,.218,.353,4.2,14.1,9.0,34.1,1.7,1.0,12.6,33.7,4.6,2.1,6.7,.171,6.2,-0.1,6.1,3.9
Juwan Morgan,TOT,PF,24,2,31,8.3,.833,.667,.000,6.6,7.4,7.0,4.2,0.0,0.0,0.0,4.1,0.1,0.0,0.1,.124,-3.3,-3.9,-7.1,0.0
Jaylen Morris,SAS,SG,26,3,16,-11.4,.129,.333,.667,0.0,13.2,6.6,14.0,0.0,0.0,11.4,23.1,-0.1,0.0,-0.1,-0.376,-15.8,-5.7,-21.5,-0.1
Marcus Morris,LAC,PF,32,54,1564,13.7,.549,.398,.214,1.8,14.0,8.1,11.3,0.9,1.0,8.4,23.2,0.9,1.5,2.4,.074,-0.3,-1.0,-1.4,0.3
Markieff Morris,MIA,PF,32,17,298,10.9,.547,.342,.079,6.6,10.5,8.6,12.1,1.0,0.4,14.5,20.6,0.0,0.3,0.3,.054,-1.5,-0.4,-1.9,0.0
Monte Morris,DEN,PG,26,75,2239,14.7,.583,.406,.109,1.4,9.6,5.6,21.4,1.2,0.6,8.8,17.4,3.9,1.5,5.4,.116,0.8,-0.8,0.0,1.1
Emmanuel Mudiay,SAC,PG,25,2,11,12.3,.399,.000,2.000,0.0,0.0,0.0,43.4,4.4,0.0,21.0,18.6,0.0,0.0,0.0,.023,-2.7,1.5,-1.2,0.0
Mychal Mulder,TOT,PG,27,17,239,3.7,.438,.701,.052,0.9,9.8,5.3,3.0,0.8,0.8,9.2,15.8,-0.4,0.1,-0.2,-0.050,-5.9,-1.8,-7.7,-0.3
Ade Murkey,SAC,SG,24,1,1,0.0,,,,0.0,0.0,0.0,0.0,0.0,0.0,,0.0,0.0,0.0,0.0,-0.017,-7.4,-2.3,-9.7,0.0
Trey Murphy III,NOP,SF,21,62,864,12.5,.558,.671,.184,5.9,13.1,9.4,6.2,1.3,0.8,5.1,15.7,1.3,0.6,1.9,.104,0.2,-1.4,-1.2,0.2
Dejounte Murray,SAS,PG,25,68,2366,22.3,.533,.237,.199,3.5,21.6,12.5,40.6,2.8,0.8,11.8,27.3,3.9,3.4,7.3,.149,3.7,1.7,5.4,4.4
Mike Muscala,OKC,C,30,43,592,19.7,.630,.657,.230,3.6,19.1,11.2,6.2,1.5,4.1,4.9,20.9,1.4,0.7,2.1,.170,3.8,1.2,5.0,1.1
Svi Mykhailiuk,TOR,SF,24,56,716,9.6,.509,.573,.158,2.9,11.5,7.0,8.8,1.8,0.5,11.3,16.9,0.1,0.7,0.8,.052,-2.7,-0.2,-2.9,-0.2
Abdel Nader,PHO,SF,28,14,145,4.9,.431,.400,.286,3.0,16.6,10.0,5.9,2.7,2.5,21.8,15.0,-0.3,0.3,0.0,-0.009,-7.1,2.2,-5.0,-0.1
Larry Nance Jr.,TOT,PF,29,46,1040,14.4,.590,.283,.231,7.4,19.3,13.1,11.4,2.0,1.9,12.0,12.8,1.5,0.8,2.3,.104,-0.5,0.4,-0.1,0.5
RJ Nembhard Jr.,CLE,SG,22,14,63,8.0,.380,.111,.222,5.4,6.9,6.1,26.1,0.8,0.0,13.2,16.0,0.0,0.0,0.0,.010,-4.4,-1.5,-5.9,-0.1
Aaron Nesmith,BOS,SF,22,52,574,7.3,.507,.632,.143,2.9,13.6,8.4,5.4,1.7,0.8,13.8,17.2,-0.4,0.9,0.4,.038,-4.9,0.7,-4.3,-0.3
Raul Neto,WAS,PG,29,70,1372,12.4,.538,.272,.245,1.1,9.6,5.4,22.9,2.0,0.2,13.9,18.4,0.7,0.8,1.5,.053,-2.5,-0.5,-3.0,-0.4
Malik Newman,CLE,PG,24,1,8,28.6,.680,.200,.400,0.0,13.5,6.9,27.8,0.0,0.0,14.5,38.1,0.0,0.0,0.0,.179,6.3,0.1,6.4,0.0
Georges Niang,PHI,PF,28,76,1736,10.7,.594,.687,.105,1.6,11.3,6.5,8.7,0.9,0.7,9.1,16.8,1.5,1.3,2.8,.077,-0.8,-1.1,-1.9,0.0
Daishen Nix,HOU,SG,19,24,261,8.1,.480,.388,.448,2.9,11.0,6.9,21.5,2.7,0.0,24.5,17.3,-0.3,0.1,-0.2,-0.033,-5.4,-1.0,-6.4,-0.3
Zeke Nnaji,DEN,PF,21,41,698,13.5,.629,.430,.349,9.3,14.1,11.8,3.4,1.1,1.7,9.7,14.9,1.2,0.6,1.8,.123,-0.7,-1.6,-2.2,0.0
Nerlens Noel,NYK,C,27,25,562,11.8,.581,.050,.500,9.0,18.1,13.5,5.7,2.7,5.4,21.5,7.3,0.4,1.0,1.5,.128,-3.1,3.3,0.3,0.3
Jaylen Nowell,MIN,SG,22,62,975,16.8,.581,.387,.223,2.4,11.4,6.8,20.2,1.3,1.0,7.4,21.0,2.1,0.7,2.8,.138,1.5,-0.7,0.8,0.7
Frank Ntilikina,DAL,PG,23,58,685,10.4,.513,.498,.112,1.9,10.9,6.4,14.7,2.0,0.9,11.7,17.4,0.1,0.9,0.9,.065,-2.9,0.9,-2.0,0.0
Jusuf Nurkić,POR,C,27,56,1579,20.0,.586,.093,.447,11.2,32.6,21.5,16.6,1.9,2.1,16.6,23.6,2.0,1.7,3.6,.110,0.1,0.2,0.3,0.9
David Nwaba,HOU,SF,29,46,609,15.3,.567,.278,.381,7.4,20.0,13.6,8.5,2.2,2.9,9.3,15.8,0.8,0.5,1.3,.105,-0.6,0.0,-0.6,0.2
Jordan Nwora,MIL,SF,23,62,1185,9.9,.506,.491,.093,3.4,16.1,9.9,7.0,1.0,1.4,10.6,19.4,-0.4,1.1,0.6,.025,-2.7,-1.5,-4.1,-0.6
Royce O'Neale,UTA,SF,28,77,2406,10.3,.608,.689,.126,3.0,13.4,8.4,10.5,1.8,1.2,14.4,9.9,2.7,2.8,5.5,.109,-0.8,1.7,0.8,1.7
Semi Ojeleye,TOT,PF,27,30,406,6.7,.438,.505,.293,7.2,12.0,9.7,2.9,0.8,1.4,7.5,12.8,-0.1,0.3,0.2,.029,-4.1,-1.6,-5.8,-0.4
Chuma Okeke,ORL,PF,23,70,1749,12.0,.501,.645,.113,2.8,18.2,10.5,10.1,2.7,2.2,8.6,16.4,-0.3,2.5,2.2,.060,-1.6,1.5,-0.1,0.8
Josh Okogie,MIN,SG,23,49,516,9.0,.526,.452,.490,5.9,8.7,7.3,6.2,2.4,2.2,15.4,12.1,0.1,0.5,0.7,.062,-3.7,0.9,-2.7,-0.1
Onyeka Okongwu,ATL,C,21,48,992,19.8,.714,.000,.487,12.8,18.4,15.6,7.6,1.5,5.4,13.8,14.0,3.1,1.1,4.2,.202,0.0,0.8,0.8,0.7
Isaac Okoro,CLE,SF,21,67,1981,10.4,.589,.364,.360,4.1,7.1,5.6,8.5,1.4,1.0,10.4,12.4,2.4,1.9,4.2,.103,-2.4,0.7,-1.7,0.1
KZ Okpala,MIA,PF,22,21,244,10.4,.521,.377,.159,5.2,13.7,9.5,8.3,0.8,3.0,6.3,14.4,0.2,0.3,0.5,.097,-3.2,0.4,-2.8,-0.1
Victor Oladipo,MIA,SG,29,8,173,16.8,.608,.493,.260,2.0,12.9,7.5,26.3,1.4,0.6,16.4,25.1,0.2,0.2,0.4,.124,1.8,-0.5,1.3,0.1
Cameron Oliver,ATL,SF,25,2,43,21.4,.705,.200,.200,5.1,10.1,7.6,11.1,1.1,2.1,0.0,16.6,0.2,0.0,0.2,.219,2.3,-0.6,1.7,0.0
Kelly Olynyk,DET,C,30,40,764,16.7,.561,.416,.311,7.3,18.3,12.5,23.3,2.0,2.2,15.1,21.5,0.8,0.8,1.6,.104,0.5,1.0,1.6,0.7
Eugene Omoruyi,DAL,SF,24,4,18,17.0,.518,.400,.800,12.3,30.9,21.6,15.8,0.0,0.0,0.0,16.9,0.1,0.0,0.1,.201,3.3,0.7,4.0,0.0
Miye Oni,UTA,SG,24,16,44,0.4,.265,.889,.111,2.6,14.4,8.7,14.2,0.0,0.0,9.6,10.3,-0.1,0.0,0.0,-0.032,-7.6,-0.3,-7.9,-0.1
Cedi Osman,CLE,SF,26,66,1462,13.3,.563,.628,.229,1.9,9.0,5.5,14.1,1.8,0.6,9.6,21.1,1.3,1.6,2.9,.094,-0.3,0.5,0.2,0.8
Daniel Oturu,TOR,C,22,3,27,13.4,.549,.167,.833,3.8,17.0,10.0,0.0,0.0,7.2,0.0,13.0,0.0,0.0,0.1,.121,-2.7,-2.5,-5.2,0.0
Kelly Oubre Jr.,CHO,SF,26,76,1999,14.9,.560,.593,.203,4.1,12.0,8.0,6.2,1.8,1.5,6.2,23.0,1.8,1.4,3.3,.079,0.2,-1.6,-1.4,0.3
Jaysean Paige,DET,PG,27,1,7,-22.2,.000,.667,.000,0.0,16.3,7.7,18.1,0.0,0.0,25.0,24.5,-0.1,0.0,-0.1,-0.574,-25.0,-6.5,-31.5,0.0
Trayvon Palmer,DET,SG,27,1,17,-5.7,.000,.000,.000,0.0,13.4,6.4,0.0,0.0,0.0,50.0,5.0,-0.1,0.0,0.0,-0.133,-13.1,-1.8,-15.0,-0.1
Kevin Pangos,CLE,PG,29,24,166,6.5,.408,.565,.087,1.4,5.9,3.7,24.6,0.9,0.0,12.8,14.6,-0.1,0.1,0.1,.016,-4.7,-1.4,-6.1,-0.2
Jabari Parker,BOS,PF,26,12,112,14.8,.632,.421,.237,5.0,21.7,13.5,7.9,1.8,0.8,16.0,19.6,0.1,0.2,0.3,.141,-0.4,1.1,0.7,0.1
Eric Paschall,UTA,PF,25,58,736,13.9,.612,.460,.366,4.6,10.9,7.9,7.1,0.6,0.6,9.0,17.7,1.4,0.5,2.0,.128,0.5,-1.0,-0.5,0.3
Chris Paul,PHO,PG,36,65,2139,20.8,.581,.270,.274,1.1,12.8,7.1,44.5,2.7,0.8,15.6,19.7,5.8,3.6,9.4,.210,3.1,2.3,5.4,4.0
Cameron Payne,PHO,PG,27,58,1278,13.8,.500,.359,.152,2.1,12.3,7.3,30.7,1.5,1.2,14.1,24.6,0.2,1.8,1.9,.073,-0.4,0.4,0.0,0.7
Elfrid Payton,PHO,PG,27,50,549,7.9,.397,.103,.183,4.2,12.8,8.6,23.0,2.2,1.0,19.9,18.5,-1.0,0.8,-0.2,-0.014,-4.6,1.2,-3.5,-0.2
Gary Payton II,GSW,PG,29,71,1247,17.8,.679,.349,.169,6.5,14.9,10.8,7.6,3.8,1.7,9.8,14.3,2.5,2.6,5.2,.199,0.3,3.4,3.7,1.8
Norvel Pelle,UTA,C,28,3,19,12.2,.600,.000,.000,17.9,16.7,17.3,0.0,0.0,4.6,28.6,16.0,0.0,0.0,0.0,.038,-3.0,-4.1,-7.1,0.0
Reggie Perry,TOT,PF,21,10,187,15.6,.537,.203,.190,8.5,19.5,13.8,11.1,2.4,3.2,11.4,22.4,0.1,0.2,0.2,.058,-3.1,-1.0,-4.1,-0.1
Jamorko Pickett,DET,PF,24,13,176,7.6,.491,.780,.040,3.5,16.8,9.8,5.8,0.0,3.6,8.9,13.6,0.0,0.1,0.1,.015,-2.8,-2.1,-5.0,-0.1
Theo Pinson,DAL,SF,26,19,148,11.9,.553,.769,.256,1.5,14.3,7.9,15.9,1.7,1.2,10.3,14.7,0.2,0.2,0.4,.122,-1.5,1.0,-0.5,0.1
Mason Plumlee,CHO,C,31,73,1793,14.7,.603,.006,.534,10.2,23.3,16.7,16.4,1.6,2.7,20.2,11.7,2.7,2.0,4.7,.127,-1.5,1.5,0.0,0.9
Jakob Poeltl,SAS,C,26,68,1970,20.8,.613,.002,.287,13.9,20.0,16.9,14.0,1.1,5.0,12.7,18.3,4.4,2.5,6.9,.168,0.9,0.7,1.6,1.7
Aleksej Pokusevski,OKC,PF,20,61,1233,12.0,.485,.432,.110,6.0,20.8,13.3,16.5,1.5,2.9,16.4,20.0,-1.1,1.5,0.4,.014,-2.7,0.1,-2.6,-0.2
Yves Pons,MEM,SF,22,12,71,5.9,.385,.563,.125,7.2,10.6,8.8,1.7,0.7,5.0,5.6,10.3,0.0,0.1,0.0,.030,-4.9,-1.7,-6.6,-0.1
Jordan Poole,GSW,SG,22,76,2283,16.1,.598,.548,.251,1.7,10.5,6.2,21.0,1.3,1.0,13.7,26.0,3.1,2.9,6.0,.126,1.3,-0.3,1.0,1.7
Kevin Porter Jr.,HOU,PG,21,61,1907,13.5,.531,.511,.239,2.5,13.0,7.7,30.7,1.7,1.0,17.7,24.1,0.0,0.8,0.8,.021,-0.1,-1.6,-1.6,0.2
Michael Porter Jr.,DEN,SF,23,9,265,7.5,.416,.466,.087,3.9,20.4,12.4,8.9,1.9,0.7,10.1,19.7,-0.5,0.3,-0.2,-0.032,-3.9,0.5,-3.5,-0.1
Otto Porter Jr.,GSW,PF,28,63,1396,15.9,.581,.519,.147,6.9,21.0,14.2,9.6,2.4,2.0,7.7,15.0,2.2,2.7,4.9,.168,1.0,2.1,3.1,1.8
Bobby Portis,MIL,C,26,72,2028,17.7,.571,.388,.130,9.6,24.4,17.2,6.4,1.3,2.4,8.9,21.3,2.9,2.6,5.5,.131,1.2,-1.0,0.2,1.1
Kristaps Porziņģis,TOT,PF,26,51,1481,23.7,.577,.329,.373,7.7,23.1,15.4,13.7,1.3,5.0,8.3,29.5,3.2,2.4,5.6,.180,3.3,0.6,3.9,2.2
Micah Potter,DET,C,23,3,31,13.6,.505,.182,.182,13.3,18.4,15.7,0.0,1.6,2.9,7.8,17.8,0.0,0.0,0.0,.073,-4.0,-3.0,-7.1,0.0
Dwight Powell,DAL,C,30,82,1798,18.1,.725,.092,.529,10.7,14.3,12.5,8.1,1.0,2.0,11.5,14.0,6.0,2.2,8.2,.219,0.4,0.5,0.9,1.3
Myles Powell,PHI,PG,24,11,52,0.2,.364,.353,.118,2.2,10.6,6.4,8.0,1.0,0.0,14.4,18.0,-0.2,0.0,-0.1,-0.109,-10.5,-2.2,-12.7,-0.1
Norman Powell,TOT,SF-SG,28,45,1458,16.3,.603,.418,.385,1.5,9.7,5.4,10.8,1.4,1.4,8.9,23.1,2.4,0.4,2.8,.093,1.2,-1.5,-0.3,0.6
Joshua Primo,SAS,SG,19,50,965,7.1,.487,.507,.219,3.5,8.9,6.1,10.6,1.0,2.0,16.1,15.4,-0.6,0.6,0.0,.001,-3.9,-1.1,-5.0,-0.7
Taurean Prince,MIN,PF,27,69,1177,12.4,.589,.587,.210,2.3,13.8,7.9,8.1,1.9,1.9,11.1,17.0,1.0,1.2,2.2,.090,-1.0,0.0,-0.9,0.3
Payton Pritchard,BOS,SG,24,71,1001,15.0,.578,.657,.056,3.5,10.8,7.2,20.4,1.2,0.5,9.7,18.6,1.8,1.2,3.1,.148,1.7,0.1,1.9,1.0
Trevelin Queen,HOU,SG,24,10,74,18.2,.619,.727,.121,10.3,13.4,11.9,8.8,3.2,1.2,16.8,23.9,0.1,0.1,0.1,.080,2.7,-0.8,1.9,0.1
Neemias Queta,SAC,C,22,14,120,12.7,.495,.000,.447,12.6,15.6,14.1,7.2,0.4,5.8,11.7,18.4,0.0,0.1,0.1,.051,-4.1,-1.0,-5.1,-0.1
Immanuel Quickley,NYK,PG,22,78,1802,14.6,.543,.547,.278,1.8,13.1,7.4,24.5,1.5,0.2,10.9,22.2,2.5,1.8,4.2,.113,0.2,0.0,0.2,1.0
Jahmi'us Ramsey,SAC,SG,20,19,134,7.9,.468,.310,.241,3.2,7.4,5.3,7.9,0.4,0.6,7.2,22.2,-0.1,0.0,-0.1,-0.047,-3.5,-3.4,-6.9,-0.2
Julius Randle,NYK,PF,27,72,2544,15.7,.509,.313,.322,5.2,25.5,15.1,25.1,1.0,1.5,14.7,28.7,-0.3,3.4,3.1,.059,0.4,0.2,0.5,1.6
Austin Reaves,LAL,SG,23,61,1418,11.5,.600,.525,.371,3.4,11.2,7.3,10.3,1.0,1.3,9.8,12.4,2.1,0.8,2.9,.097,-1.3,-0.6,-1.9,0.0
Cam Reddish,TOT,SF,22,49,1012,12.8,.543,.451,.275,2.7,8.6,5.7,7.0,2.3,1.4,11.1,22.2,0.2,0.8,1.0,.046,-1.0,-0.3,-1.3,0.2
Davon Reed,DEN,SG,26,48,668,12.2,.624,.534,.093,2.4,15.2,9.0,10.7,1.8,1.2,8.7,12.1,0.9,0.7,1.6,.117,-0.6,0.3,-0.3,0.3
Paul Reed,PHI,C,22,38,302,21.4,.568,.083,.146,16.6,17.4,17.0,8.3,5.5,4.2,8.9,16.7,0.6,0.7,1.3,.212,-0.8,2.9,2.1,0.3
Naz Reid,MIN,C,22,77,1215,17.2,.588,.349,.313,8.8,18.0,13.3,8.7,1.6,5.6,13.2,21.4,1.5,1.6,3.2,.125,-0.5,0.5,0.0,0.6
Nick Richards,CHO,C,24,50,367,15.9,.689,.000,.478,9.7,15.2,12.4,4.9,1.2,5.4,18.1,15.4,0.6,0.3,1.0,.125,-2.6,-0.2,-2.8,-0.1
Josh Richardson,TOT,SG,28,65,1600,12.8,.573,.461,.202,2.8,9.4,6.2,10.1,1.7,1.6,10.2,17.6,1.6,2.0,3.5,.106,-0.6,0.7,0.1,0.9
Austin Rivers,DEN,SG,29,67,1480,7.2,.546,.660,.126,1.5,6.9,4.3,8.0,1.7,0.4,12.8,12.6,0.1,1.1,1.2,.037,-3.5,-0.3,-3.8,-0.7
Duncan Robinson,MIA,SG,27,79,2043,10.6,.573,.860,.084,1.4,9.8,5.6,9.3,1.0,0.7,7.4,17.7,1.9,2.0,3.9,.092,-0.3,-0.3,-0.6,0.7
Justin Robinson,TOT,PG,24,25,304,3.6,.404,.656,.086,1.4,6.0,3.7,14.0,1.4,0.3,15.0,16.0,-0.5,0.2,-0.3,-0.055,-6.4,-1.3,-7.6,-0.4
Mitchell Robinson,NYK,C,23,72,1848,20.7,.722,.000,.528,16.8,19.1,17.9,3.2,1.6,7.1,12.4,11.4,5.3,3.2,8.5,.221,1.0,1.2,2.2,2.0
Jeremiah Robinson-Earl,OKC,C,21,49,1087,11.7,.526,.509,.167,7.0,19.1,13.0,6.7,1.3,1.3,10.1,15.4,0.4,1.0,1.5,.065,-1.9,-0.3,-2.2,-0.1
Isaiah Roby,OKC,PF,23,45,948,18.3,.607,.307,.359,8.0,15.6,11.8,12.1,1.8,3.3,10.3,19.0,1.8,1.1,2.9,.147,0.4,0.2,0.6,0.6
Rajon Rondo,TOT,PG,35,39,697,10.9,.496,.500,.148,2.4,14.4,8.5,33.1,2.1,0.8,26.6,16.0,-0.1,0.8,0.7,.048,-2.4,0.7,-1.7,0.1
Derrick Rose,NYK,PG,33,26,636,16.9,.541,.336,.113,3.5,9.8,6.6,27.5,1.7,1.9,11.9,22.5,0.8,0.7,1.4,.108,2.3,0.0,2.3,0.7
Terrence Ross,ORL,SG,30,63,1448,10.0,.515,.477,.235,1.5,10.3,5.9,12.5,0.9,0.8,10.9,20.5,-0.5,0.9,0.3,.011,-2.5,-1.1,-3.7,-0.6
Terry Rozier,CHO,SG,27,73,2458,17.6,.566,.508,.151,2.4,11.3,6.8,19.7,1.8,1.0,7.2,23.2,4.3,1.6,5.9,.115,2.4,-0.7,1.7,2.3
Ricky Rubio,CLE,PG,31,34,970,14.0,.488,.423,.251,1.7,14.1,8.0,34.6,2.5,0.6,16.5,24.9,-0.1,1.4,1.3,.064,-1.0,1.2,0.2,0.5
D'Angelo Russell,MIN,PG,25,65,2077,16.3,.544,.531,.246,1.3,10.1,5.6,33.1,1.4,1.0,13.2,25.1,2.9,1.5,4.4,.101,2.2,-1.5,0.8,1.4
Matt Ryan,BOS,SF,24,1,5,3.5,.300,1.000,.000,0.0,0.0,0.0,0.0,9.9,0.0,0.0,44.0,0.0,0.0,0.0,-0.250,-9.9,-3.8,-13.7,0.0
Domantas Sabonis,TOT,C-PF,25,62,2136,21.9,.637,.162,.429,10.3,29.0,19.5,23.6,1.3,1.1,17.5,22.3,5.3,1.8,7.1,.159,3.2,0.9,4.1,3.2
Olivier Sarr,OKC,C,22,22,421,14.0,.672,.287,.287,8.2,14.6,11.4,6.9,0.7,3.3,16.2,13.9,0.7,0.3,1.0,.116,-2.7,-1.3,-4.0,-0.2
Tomáš Satoranský,TOT,SG,30,55,906,10.2,.461,.277,.283,3.3,12.1,7.7,27.0,1.6,0.5,17.6,12.6,0.5,0.6,1.0,.056,-3.3,-0.3,-3.6,-0.4
Jordan Schakel,WAS,SG,23,4,30,-1.2,.210,.545,.182,7.5,21.8,14.8,0.0,1.6,0.0,7.8,19.1,-0.2,0.0,-0.1,-0.204,-8.6,-4.4,-13.0,-0.1
Admiral Schofield,ORL,SF,24,38,469,7.5,.538,.612,.116,3.8,16.3,10.0,7.9,0.4,1.0,13.4,14.5,-0.1,0.3,0.3,.027,-4.2,-1.2,-5.4,-0.4
Dennis Schröder,TOT,SG-PG,28,64,1837,13.0,.539,.345,.254,2.0,10.5,6.3,24.2,1.4,0.4,15.1,22.6,1.0,1.9,2.9,.076,-1.5,-0.4,-1.9,0.0
Tre Scott,CLE,SF,25,2,11,20.4,.500,.167,.000,10.3,9.8,10.1,0.0,4.5,8.1,0.0,24.1,0.0,0.0,0.0,.138,-4.8,1.8,-3.0,0.0
Jay Scrubb,LAC,SG,21,18,121,9.3,.486,.457,.217,1.8,11.9,7.0,9.7,1.6,2.1,12.2,20.8,-0.1,0.1,0.0,.002,-4.4,-0.4,-4.8,-0.1
Wayne Selden,NYK,SG,27,3,19,4.3,.434,.500,1.000,0.0,5.8,2.8,7.2,0.0,0.0,0.0,13.3,0.0,0.0,0.0,.016,-4.3,-1.6,-5.9,0.0
Alperen Şengün,HOU,C,19,72,1489,16.0,.552,.223,.442,10.1,18.9,14.5,19.1,1.9,4.1,18.8,22.0,0.8,1.3,2.1,.068,-1.6,0.6,-1.0,0.4
Collin Sexton,CLE,SG,23,11,316,11.2,.523,.298,.258,4.6,7.9,6.3,11.9,1.6,0.0,15.6,27.9,-0.4,0.3,-0.1,-0.009,-3.5,-0.6,-4.1,-0.2
Landry Shamet,PHO,SG,24,69,1437,10.2,.550,.689,.167,1.2,8.0,4.7,9.7,0.9,0.6,7.3,16.8,1.1,1.5,2.6,.085,-0.9,-0.4,-1.2,0.3
Day'Ron Sharpe,BRK,PF,20,32,391,20.7,.593,.047,.275,23.2,21.4,22.3,6.7,1.2,3.4,15.2,21.7,0.8,0.5,1.2,.152,-0.3,-2.5,-2.8,-0.1
Pascal Siakam,TOR,PF,27,68,2578,20.3,.565,.181,.314,5.1,20.1,12.2,23.0,1.6,1.6,11.6,25.8,4.9,3.2,8.1,.151,2.7,0.8,3.5,3.6
Chris Silva,TOT,PF,25,10,91,11.6,.641,.000,.800,16.5,28.2,22.4,10.6,0.0,1.2,28.3,13.8,0.1,0.1,0.3,.137,-5.0,0.1,-4.9,-0.1
Marko Simonovic,CHI,C,22,9,35,10.2,.428,.333,.733,16.2,16.0,16.1,0.0,1.4,2.5,9.2,27.5,0.0,0.0,0.0,-0.011,-6.1,-5.0,-11.1,-0.1
Anfernee Simons,POR,SG,22,57,1681,15.3,.583,.555,.146,1.6,8.5,4.9,22.2,0.9,0.4,11.9,24.8,2.0,-0.1,1.9,.055,1.9,-2.7,-0.7,0.5
Zavier Simpson,OKC,PG,24,4,174,7.7,.406,.154,.096,1.2,11.4,6.2,25.2,1.4,2.1,15.6,15.9,-0.2,0.1,-0.1,-0.018,-6.0,-1.9,-7.9,-0.3
Jericho Sims,NYK,PF,23,41,555,11.6,.674,.000,.537,11.6,21.3,16.4,5.3,1.0,3.9,23.1,6.9,0.7,0.8,1.5,.128,-2.8,1.1,-1.7,0.0
Deividas Sirvydis,DET,SG,21,3,27,0.1,.150,.700,.000,0.0,25.3,12.0,4.9,5.4,3.3,0.0,15.9,-0.1,0.1,-0.1,-0.139,-10.8,2.2,-8.7,0.0
Javonte Smart,TOT,PG,22,17,200,5.1,.407,.450,.100,2.7,10.0,6.5,10.4,1.5,1.5,14.9,15.9,-0.3,0.2,-0.2,-0.038,-5.9,-0.8,-6.6,-0.2
Marcus Smart,BOS,PG,27,71,2296,13.6,.540,.501,.249,2.0,10.5,6.4,25.6,2.6,0.7,16.6,18.3,1.9,3.7,5.6,.116,-1.2,1.7,0.5,1.5
Dennis Smith Jr.,POR,PG,24,37,638,13.2,.474,.143,.339,3.3,12.2,7.6,30.5,3.4,1.9,19.0,18.2,-0.1,0.5,0.4,.031,-2.8,1.2,-1.7,0.1
Ish Smith,TOT,PG,33,65,1126,12.5,.465,.156,.056,2.4,11.1,6.8,31.5,2.0,1.8,15.0,20.1,-0.3,0.9,0.5,.023,-2.2,-0.6,-2.9,-0.2
Jalen Smith,TOT,PF,21,51,925,18.4,.595,.349,.291,12.0,24.5,18.2,3.9,0.8,3.9,9.6,20.3,1.7,1.1,2.8,.145,0.9,-1.4,-0.5,0.3
Xavier Sneed,TOT,SF,24,9,39,0.4,.250,.800,.000,5.5,10.9,8.3,3.3,0.0,0.0,0.0,11.0,-0.1,0.0,0.0,-0.056,-6.9,-3.7,-10.6,-0.1
Tony Snell,TOT,SG,30,53,823,6.3,.541,.749,.023,2.1,12.0,6.9,4.7,1.0,1.1,9.9,10.1,0.2,0.2,0.4,.023,-3.4,-0.8,-4.2,-0.5
Jaden Springer,PHI,SG,19,2,6,26.4,1.000,.000,.000,18.9,18.3,18.6,0.0,0.0,30.0,50.0,15.0,0.0,0.0,0.0,.138,8.3,8.8,17.1,0.0
Cassius Stanley,DET,SG,22,9,155,8.0,.516,.370,.217,3.3,10.3,6.6,3.9,1.6,1.2,10.6,15.6,0.0,0.1,0.1,.021,-4.9,-1.0,-5.8,-0.2
Nik Stauskas,TOT,SG,28,8,39,10.5,.541,.714,.429,3.0,5.7,4.4,7.3,0.0,0.0,5.7,20.0,0.0,0.0,0.1,.078,-0.9,-2.7,-3.6,0.0
Lance Stephenson,TOT,SG-SF,31,46,814,13.6,.536,.279,.248,1.6,16.0,8.7,30.2,1.4,0.4,16.7,22.6,0.4,0.4,0.8,.048,-1.6,-1.6,-3.1,-0.2
Lamar Stevens,CLE,PF,24,63,1015,11.3,.544,.204,.235,5.2,12.5,8.9,6.5,1.5,1.6,10.4,17.1,0.4,1.2,1.6,.078,-3.2,0.3,-2.9,-0.2
Isaiah Stewart,DET,C,20,71,1816,14.0,.550,.094,.210,12.8,24.5,18.4,6.9,0.6,3.9,13.7,14.6,1.6,1.8,3.4,.091,-2.5,-0.8,-3.3,-0.6
Max Strus,MIA,SF,25,68,1587,12.7,.614,.784,.094,1.7,12.5,7.2,8.8,0.9,1.1,8.8,18.1,2.0,1.7,3.6,.110,1.4,-0.4,0.9,1.2
Jalen Suggs,ORL,PG,20,48,1307,8.6,.455,.358,.297,2.1,11.7,6.9,24.9,2.2,1.3,18.7,25.3,-3.0,1.3,-1.6,-0.060,-5.3,-0.2,-5.6,-1.2
Craig Sword,WAS,SG,28,3,19,14.2,.750,.250,.000,0.0,0.0,0.0,7.7,10.4,0.0,20.0,11.7,0.0,0.0,0.1,.158,-8.6,10.0,1.4,0.0
Keifer Sykes,IND,PG,28,32,566,5.9,.456,.474,.089,1.5,7.4,4.4,14.9,1.0,0.6,14.3,17.4,-0.5,0.1,-0.5,-0.040,-4.4,-2.5,-6.9,-0.7
Jae'Sean Tate,HOU,SF,26,78,2056,14.3,.567,.277,.252,7.2,15.3,11.2,16.9,1.7,1.8,14.6,19.6,1.9,1.1,3.0,.071,-1.3,-0.5,-1.8,0.1
Jayson Tatum,BOS,SF,23,76,2731,21.8,.578,.416,.300,3.5,20.2,12.1,21.1,1.4,1.6,10.9,32.1,5.0,4.6,9.6,.169,4.3,0.6,4.9,4.8
Terry Taylor,IND,SG,22,33,714,19.0,.656,.173,.232,14.6,12.2,13.4,8.6,1.0,1.0,8.7,15.9,2.2,0.2,2.4,.160,2.2,-2.7,-0.6,0.3
Garrett Temple,NOP,SG,35,59,1098,8.6,.494,.627,.139,2.9,11.8,7.2,9.2,1.9,2.0,11.8,13.9,-0.1,1.0,0.8,.037,-2.8,0.3,-2.5,-0.1
Emanuel Terry,PHO,PF,25,3,18,-0.1,.000,.000,.000,48.9,40.6,44.7,12.2,2.7,0.0,50.0,23.9,-0.1,0.0,-0.1,-0.256,-13.0,-5.3,-18.3,-0.1
Tyrell Terry,MEM,PG,21,2,3,20.0,1.000,.000,.000,0.0,0.0,0.0,0.0,0.0,0.0,0.0,13.7,0.0,0.0,0.0,.222,-3.4,2.5,-0.9,0.0
Jon Teske,MEM,C,24,3,8,1.5,.000,.000,2.000,0.0,26.8,13.1,13.8,6.0,0.0,0.0,9.6,0.0,0.0,0.0,-0.080,-8.5,3.7,-4.8,0.0
Daniel Theis,TOT,C,29,47,977,13.2,.595,.368,.247,6.6,18.8,12.7,6.3,1.0,2.9,12.5,16.2,0.9,1.0,1.9,.093,-1.9,-0.2,-2.1,0.0
Brodric Thomas,BOS,SG,25,12,60,10.0,.520,.500,.278,3.7,14.1,9.0,26.0,0.8,1.5,22.9,19.2,0.0,0.1,0.1,.052,-3.6,0.8,-2.8,0.0
Cam Thomas,BRK,SG,20,67,1176,11.7,.519,.346,.209,1.5,13.1,7.5,9.7,1.4,0.6,9.1,22.1,0.0,0.8,0.8,.033,-1.9,-1.4,-3.4,-0.4
Isaiah Thomas,TOT,PG,32,22,333,12.0,.516,.497,.156,1.3,8.1,4.6,15.7,1.0,1.4,7.8,24.8,0.0,0.1,0.2,.026,-1.9,-2.6,-4.5,-0.2
Matt Thomas,CHI,SG,27,40,459,9.9,.564,.679,.149,0.7,11.5,6.1,5.8,0.9,0.6,5.3,14.5,0.3,0.2,0.6,.058,-1.2,-1.4,-2.6,-0.1
Klay Thompson,GSW,SG,31,32,941,16.7,.547,.517,.089,1.8,12.4,7.3,16.1,0.8,1.7,6.7,29.6,0.6,1.2,1.8,.091,2.6,-1.6,1.1,0.7
Tristan Thompson,TOT,PF,30,57,897,14.9,.541,.011,.434,14.7,20.8,17.7,5.5,1.2,2.0,12.4,17.5,0.9,0.8,1.6,.087,-1.6,-1.5,-3.1,-0.3
JT Thor,CHO,PF,19,33,262,9.7,.525,.491,.364,4.4,13.1,8.7,9.2,1.5,4.0,13.6,12.0,0.1,0.2,0.3,.058,-3.1,0.1,-3.0,-0.1
Matisse Thybulle,PHI,SG,24,66,1685,11.2,.594,.480,.143,2.8,7.1,5.0,6.1,3.4,3.8,10.9,9.5,1.2,2.5,3.7,.107,-2.2,3.3,1.1,1.3
Killian Tillie,MEM,C,23,36,461,7.6,.452,.677,.063,4.7,9.1,6.8,5.9,2.4,2.9,9.1,12.8,-0.1,0.6,0.6,.058,-3.8,1.1,-2.7,-0.1
Xavier Tillman Sr.,MEM,PF,23,53,701,15.1,.510,.227,.329,9.6,14.5,12.0,11.6,3.3,1.9,12.1,16.4,0.6,1.2,1.8,.121,-1.1,1.8,0.7,0.5
Isaiah Todd,WAS,PF,20,12,74,4.7,.349,.615,.231,4.6,13.3,9.0,7.3,2.7,2.3,12.3,19.6,-0.2,0.1,-0.2,-0.104,-5.7,-1.2,-6.9,-0.1
Obi Toppin,NYK,PF,23,72,1230,18.3,.614,.357,.262,5.9,17.7,11.7,10.9,1.0,2.6,9.6,20.8,2.5,1.5,3.9,.153,1.7,0.3,2.0,1.2
Juan Toscano-Anderson,GSW,SF,28,73,994,11.0,.561,.370,.298,3.2,15.8,9.7,17.6,2.4,1.6,20.4,14.7,0.3,1.8,2.0,.098,-3.2,2.4,-0.8,0.3
Karl-Anthony Towns,MIN,C,26,74,2476,24.1,.640,.301,.385,8.2,23.6,15.7,18.0,1.4,3.2,13.7,27.8,7.1,3.2,10.3,.199,4.5,0.5,5.0,4.4
Gary Trent Jr.,TOR,SG,23,70,2448,14.7,.546,.502,.188,1.1,7.7,4.2,8.8,2.5,0.8,5.8,21.8,3.1,2.5,5.6,.110,-0.1,0.3,0.2,1.3
P.J. Tucker,MIA,PF,36,71,1981,11.3,.593,.451,.143,5.8,16.2,11.1,10.6,1.5,0.8,12.7,11.7,2.4,2.6,5.0,.121,-0.8,1.4,0.6,1.3
Rayjon Tucker,TOT,SG,24,5,71,17.7,.869,.556,.778,4.7,7.5,6.1,18.1,2.7,0.0,7.6,7.9,0.3,0.1,0.4,.243,2.3,1.2,3.5,0.1
Myles Turner,IND,C,25,42,1235,17.4,.615,.466,.267,5.8,21.3,13.4,5.1,1.1,8.3,10.9,17.1,1.7,1.4,3.1,.120,0.1,1.4,1.4,1.1
Jonas Valančiūnas,NOP,C,29,74,2240,21.2,.617,.168,.308,10.9,31.2,20.8,14.0,0.9,2.6,14.4,23.8,4.6,2.7,7.3,.156,2.0,-0.1,1.9,2.2
Denzel Valentine,TOT,SG,28,24,222,8.1,.523,.712,.000,4.6,16.1,10.4,7.0,1.8,0.0,15.4,15.5,-0.1,0.3,0.2,.039,-3.1,0.4,-2.7,0.0
Jarred Vanderbilt,MIN,PF,22,74,1880,15.3,.612,.039,.363,12.0,23.9,17.8,6.7,2.5,2.4,14.8,10.9,3.1,2.9,6.0,.153,-0.8,1.0,0.2,1.1
Fred VanVleet,TOR,PG,27,65,2462,17.3,.552,.585,.202,1.8,11.4,6.4,26.7,2.3,1.4,12.5,23.7,3.9,2.8,6.7,.131,3.1,0.5,3.6,3.5
Devin Vassell,SAS,SF,21,71,1937,13.3,.540,.497,.130,2.4,14.3,8.3,9.7,1.9,1.8,6.7,18.9,1.3,2.0,3.3,.082,-0.5,0.0,-0.5,0.7
Gabe Vincent,MIA,PG,25,68,1589,10.6,.551,.630,.105,1.6,7.3,4.5,19.4,2.0,0.8,15.4,17.8,0.7,1.9,2.5,.076,-1.9,0.5,-1.4,0.2
Nikola Vučević,CHI,C,31,73,2418,18.2,.533,.287,.105,6.6,30.7,18.7,15.2,1.4,2.5,10.1,24.5,1.4,3.2,4.5,.090,0.8,0.1,0.9,1.8
Dean Wade,CLE,PF,25,51,980,10.1,.584,.654,.138,3.6,13.1,8.5,7.3,1.5,0.6,6.5,11.1,1.1,1.1,2.3,.111,-1.9,1.3,-0.6,0.4
Franz Wagner,ORL,SF,20,79,2429,14.7,.559,.278,.225,3.6,11.9,7.7,15.7,1.4,1.3,10.0,21.2,2.1,1.9,4.0,.079,-0.4,-0.3,-0.7,0.8
Moritz Wagner,ORL,C,24,63,960,18.1,.623,.508,.326,4.6,21.0,12.8,15.4,1.0,1.2,11.0,22.9,1.8,1.0,2.8,.138,1.5,0.1,1.6,0.9
Ish Wainright,PHO,PF,27,45,359,9.4,.494,.567,.115,8.3,7.9,8.1,5.3,2.7,1.5,10.6,14.7,0.0,0.6,0.6,.079,-3.0,1.0,-2.0,0.0
Kemba Walker,NYK,PG,31,37,948,13.9,.537,.538,.192,1.6,11.2,6.3,22.2,1.4,0.7,10.7,20.8,1.0,0.9,1.8,.093,0.7,-0.2,0.4,0.6
Lonnie Walker IV,SAS,SG,23,70,1612,12.3,.512,.462,.194,1.2,10.7,5.9,13.4,1.3,1.0,7.9,23.6,0.1,1.1,1.2,.037,-1.2,-1.3,-2.5,-0.2
M.J. Walker,PHO,SG,23,2,8,-3.3,.000,.500,.000,0.0,13.1,6.7,13.8,12.0,0.0,0.0,21.5,-0.1,0.0,0.0,-0.276,-15.8,6.2,-9.6,0.0
Tyrone Wallace,NOP,SG,27,6,75,2.5,.383,.400,.250,0.0,12.1,5.9,1.8,2.0,1.3,8.3,13.9,-0.2,0.1,-0.1,-0.057,-7.7,-0.6,-8.2,-0.1
Derrick Walton,DET,PG,26,3,108,5.9,.342,.500,.154,1.9,8.4,5.0,26.4,3.2,3.3,28.4,15.4,-0.3,0.1,-0.2,-0.071,-5.3,1.0,-4.3,-0.1
Brad Wanamaker,TOT,PG,32,23,320,7.5,.472,.221,.325,2.1,11.6,6.8,22.4,1.1,1.6,20.7,14.9,-0.1,0.1,0.0,.004,-5.3,-0.5,-5.8,-0.3
Duane Washington Jr.,IND,PG,21,48,968,10.2,.521,.504,.143,0.5,9.3,4.8,13.0,1.3,0.3,11.2,22.6,-0.2,0.2,0.0,-0.002,-1.9,-2.8,-4.8,-0.7
P.J. Washington,CHO,PF,23,65,1768,13.6,.588,.566,.152,4.8,15.5,10.1,11.2,1.5,3.3,12.6,15.6,1.8,1.6,3.4,.091,-0.2,0.2,-0.1,0.9
Yuta Watanabe,TOR,SF,27,38,445,11.5,.524,.572,.290,4.2,19.0,11.2,6.6,1.2,3.5,10.9,16.8,0.1,0.6,0.7,.075,-1.9,0.0,-2.0,0.0
Lindy Waters III,OKC,SG,24,25,465,13.0,.562,.834,.029,1.3,15.0,8.1,8.1,2.0,1.6,5.8,17.5,0.3,0.5,0.8,.081,-0.8,-0.8,-1.6,0.1
Tremont Waters,TOT,PG,24,3,50,5.4,.357,.643,.000,0.0,9.2,4.3,18.2,5.0,0.0,22.2,15.5,-0.1,0.1,0.0,-0.042,-7.8,0.1,-7.7,-0.1
Trendon Watford,POR,SF,21,48,869,15.8,.590,.142,.352,7.0,18.6,12.6,14.6,1.4,3.2,12.5,17.6,1.4,0.5,1.9,.104,-1.4,-0.4,-1.7,0.1
Paul Watson,OKC,SF,27,9,156,5.7,.432,.743,.057,1.9,16.1,8.9,7.2,0.9,1.8,10.0,11.0,-0.1,0.1,0.0,.001,-4.8,-0.6,-5.4,-0.1
Quinndary Weatherspoon,GSW,SG,25,11,73,12.0,.647,.238,.238,3.1,17.4,10.5,10.1,0.7,1.3,11.5,15.7,0.1,0.1,0.2,.148,-4.5,0.1,-4.4,0.0
Russell Westbrook,LAL,PG,33,78,2678,15.0,.512,.215,.324,4.4,18.8,11.6,31.6,1.3,0.7,17.3,27.3,-0.6,2.3,1.7,.030,-0.7,-0.9,-1.6,0.2
Coby White,CHI,PG,21,61,1675,12.6,.564,.548,.141,1.1,11.0,6.1,15.0,0.8,0.6,9.3,19.8,1.6,0.8,2.4,.067,-0.4,-1.7,-2.1,0.0
Derrick White,TOT,SG,27,75,2199,14.8,.549,.461,.294,1.8,10.7,6.3,22.9,1.4,2.3,11.6,19.9,2.8,2.3,5.1,.111,0.4,0.6,0.9,1.6
Hassan Whiteside,UTA,C,32,65,1162,22.9,.662,.000,.506,16.2,29.9,23.3,3.4,0.9,7.8,11.6,17.1,3.4,2.3,5.8,.238,0.6,1.4,2.1,1.2
Joe Wieskamp,SAS,SG,22,29,205,7.1,.494,.768,.232,2.0,5.2,3.6,5.5,0.9,1.2,3.1,13.1,0.1,0.1,0.1,.035,-2.9,-1.1,-3.9,-0.1
Aaron Wiggins,OKC,SG,23,50,1209,10.3,.556,.409,.252,4.3,11.0,7.6,8.5,1.2,0.8,12.6,15.3,0.5,0.8,1.2,.048,-3.4,-0.9,-4.3,-0.7
Andrew Wiggins,GSW,SF,26,73,2329,15.0,.560,.392,.231,4.1,10.9,7.6,10.8,1.6,2.1,9.0,23.1,1.8,3.4,5.1,.105,0.3,0.1,0.4,1.4
Lindell Wigginton,MIL,PG,23,19,199,10.2,.524,.426,.574,1.6,11.5,6.7,15.7,1.2,0.5,13.6,19.0,0.0,0.1,0.2,.044,-3.2,-1.9,-5.0,-0.2
Brandon Williams,POR,PG,22,24,640,11.0,.476,.376,.344,3.1,9.8,6.4,23.1,1.8,1.5,15.2,25.9,-0.7,0.2,-0.5,-0.037,-2.6,-3.1,-5.7,-0.6
Grant Williams,BOS,PF,23,77,1875,11.2,.635,.597,.220,3.8,11.8,7.9,5.7,1.0,2.8,11.6,12.6,2.4,2.6,5.1,.130,-1.4,1.1,-0.4,0.8
Kenrich Williams,OKC,SF,27,49,1072,13.3,.532,.382,.174,7.1,14.1,10.5,15.3,2.0,0.9,11.9,15.6,0.8,1.0,1.8,.081,-1.3,1.1,-0.3,0.5
Lou Williams,ATL,PG,35,56,799,12.1,.500,.319,.244,2.2,9.7,6.0,18.6,1.7,0.3,10.8,21.7,0.2,0.4,0.6,.034,-2.0,-1.4,-3.4,-0.3
Patrick Williams,CHI,PF,20,17,422,12.7,.637,.284,.402,4.6,13.8,9.2,4.8,1.0,1.8,11.8,14.2,0.6,0.3,0.9,.099,-0.9,-0.7,-1.5,0.0
Robert Williams,BOS,C,24,61,1804,22.1,.745,.003,.245,14.6,20.5,17.6,9.7,1.5,6.8,13.4,11.5,6.0,3.9,9.9,.262,2.4,3.1,5.5,3.4
Ziaire Williams,MEM,SF,20,62,1346,9.7,.559,.571,.130,2.0,8.2,5.0,6.3,1.2,0.8,8.4,14.9,1.1,1.1,2.2,.080,-2.4,-0.6,-3.0,-0.3
D.J. Wilson,TOR,PF,25,4,54,27.9,.773,.133,.667,1.9,31.8,16.1,14.6,4.6,1.8,9.3,17.0,0.2,0.1,0.4,.328,1.8,3.2,5.0,0.1
Dylan Windler,CLE,SF,25,50,459,8.8,.519,.714,.184,5.2,16.0,10.7,10.0,1.5,0.6,13.1,11.8,0.2,0.6,0.8,.084,-2.9,1.2,-1.7,0.0
Justise Winslow,TOT,SF,25,48,774,13.1,.479,.257,.257,7.0,20.9,14.0,16.1,2.2,2.9,14.6,18.9,-0.3,1.1,0.8,.048,-2.7,1.0,-1.7,0.1
Cassius Winston,WAS,PG,23,7,39,6.0,.549,.545,.364,0.0,2.8,1.4,24.4,0.0,0.0,19.0,18.0,0.0,0.0,0.0,.015,-5.9,-3.5,-9.3,-0.1
Christian Wood,HOU,C,26,68,2094,19.1,.595,.383,.378,5.7,30.4,18.0,12.2,1.2,2.8,11.0,23.3,2.9,2.0,4.9,.112,2.1,-0.4,1.6,1.9
Robert Woodard II,SAC,SF,22,12,42,2.1,.207,.250,.125,12.8,15.7,14.3,9.0,1.1,2.1,5.6,18.3,-0.2,0.0,-0.1,-0.147,-6.8,-3.6,-10.4,-0.1
Delon Wright,ATL,SG,29,77,1452,13.8,.576,.431,.234,3.8,12.7,8.3,16.6,3.1,1.2,13.2,10.3,2.2,1.5,3.6,.121,-0.2,2.4,2.2,1.6
McKinley Wright IV,MIN,PG,23,5,19,9.5,.833,.667,.000,0.0,0.0,0.0,20.9,0.0,0.0,25.0,8.8,0.0,0.0,0.0,.092,-1.4,-2.8,-4.2,0.0
Moses Wright,TOT,PF,23,4,14,18.3,.470,.250,.750,7.9,15.9,11.9,16.8,0.0,6.5,0.0,17.1,0.0,0.0,0.1,.180,1.1,0.4,1.4,0.0
Gabe York,IND,SG,28,2,21,12.7,.435,.857,.714,0.0,10.8,5.3,25.1,4.7,4.1,9.8,20.8,0.0,0.0,0.0,.059,-3.7,2.2,-1.5,0.0
Thaddeus Young,TOT,PF,33,52,845,17.0,.548,.176,.180,9.8,16.8,13.1,17.7,3.1,2.0,15.0,17.4,0.9,1.3,2.2,.126,0.1,2.1,2.2,0.9
Trae Young,ATL,PG,23,76,2652,25.4,.603,.395,.358,2.1,9.6,5.9,46.7,1.3,0.2,14.5,34.4,9.0,1.0,10.0,.181,7.1,-2.0,5.2,4.8
Omer Yurtseven,MIA,C,23,56,706,17.4,.546,.045,.247,13.9,33.0,23.6,11.0,1.2,3.0,13.0,19.9,0.8,1.4,2.1,.145,-1.4,0.4,-1.0,0.2
Cody Zeller,POR,C,29,27,355,17.2,.627,.044,.544,14.9,24.1,19.3,9.4,1.1,1.7,14.6,15.9,0.9,0.2,1.1,.143,-1.2,-1.0,-2.2,0.0
Ivica Zubac,LAC,C,24,76,1852,19.2,.660,.000,.459,12.8,23.7,18.4,9.8,1.0,3.5,16.1,16.8,4.3,2.9,7.2,.187,-0.1,0.8,0.7,1.3
